id,"name","label","elements","style",save_after,summary_after,created,updated,status,order_number,"summary_label",exclude_from_summary
1,"etusivu","Etusivu","[{\"type\":\"html\",\"tag\":\"h2\",\"content\":\"<p>Selvitä ongelmasi<br/>nettineuvojan avulla</p>\",\"style\":{\"color\":\"#fff\",\"text-transform\":\"uppercase\",\"font-size\":\"48px\"},\"id\":\"a53fe454-ea2b-5ef9-8a72-252885713f97\",\"name\":\"otsikko\"},{\"type\":\"html\",\"tag\":\"p\",\"content\":\"<p>Autan sinua laatimaan kirjallisen valituksen (reklamaatio) myyjälle.<br/><br/></p>\",\"style\":{\"color\":\"#000\",\"font-size\":\"24px\"},\"id\":\"4459577f-3fd6-53ce-95e0-c36db44cab4d\",\"name\":\"johdanto\"},{\"type\":\"next\",\"label\":\"Aloita\",\"style\":{\"background\":\"#b0006c\",\"color\":\"#fff\"},\"id\":\"e641b754-8014-50c7-a3f0-c3c6d736eb3f\",\"next_slide\":\"ohjesivu\"}]","{\"background\":\"#5ec5ec\"}",0,0,0,0,0,0,"",1
2,"myyja","Myyjä","[{\"type\":\"html\",\"tag\":\"h2\",\"content\":\"<p>Ostitko yritykseltä vai<br/>vai yksityishenkilöltä?</p>\",\"style\":{\"color\":\"#fff\"},\"id\":\"45950e92-2e59-5a2d-afb7-c29579aedaa8\",\"name\":\"otsikko\"},{\"type\":\"choice\",\"items\":[{\"label\":\"Yritykseltä\",\"icon\":\"images/icon-truck.png\",\"style\":{\"background\":\"#fff\"},\"info\":{\"title\":\"\",\"content\":\"\",\"close_text\":\"Sulje\"},\"id\":\"0aae322f-064b-5989-8586-73aa77fd8863\",\"name\":\"yritys\",\"next_slide\":\"ostaja\"},{\"label\":\"Yksityishenkilöltä\",\"icon\":\"images/icon-user.png\",\"style\":{\"background\":\"#fff\"},\"info\":{\"title\":\"\",\"content\":\"\",\"close_text\":\"Sulje\"},\"id\":\"e566d56f-ad75-5448-bd5e-d0a66d12cc76\",\"name\":\"yksityinen\",\"next_slide\":\"yksityinen\"}],\"id\":\"dab3abf1-c08a-59e8-a90e-a0f06966ead5\",\"style\":{},\"name\":\"myyja\"},{\"type\":\"next\",\"content\":\"Eteenpäin\",\"id\":\"ad91706a-3960-54d1-98f6-f57985aca5d6\",\"style\":{}}]","{\"background\":\"#58c5c7\"}",0,0,0,0,0,1,"",1
3,"ostaja","Ostaja","[{\"type\":\"html\",\"tag\":\"h2\",\"content\":\"Oletko ostanut tuotteen yksityishenkilönä<br/>vai yrityksen nimiin?\",\"style\":{\"color\":\"#2d72bb\"},\"id\":\"62f39bb0-835b-57b2-8870-fa27b5a15757\",\"name\":\"otsikko\"},{\"type\":\"choice\",\"items\":[{\"label\":\"Yksityishenkilönä\",\"icon\":\"images/icon-person.png\",\"id\":\"fa0e35f0-dc53-5b56-8046-74830de5b93a\",\"name\":\"yksityinen\",\"next_slide\":\"tuote\",\"info\":[]},{\"label\":\"Yrityksen nimiin\",\"icon\":\"images/icon-company.png\",\"id\":\"73f1e439-aea7-5ff5-b95f-462dd5f3c385\",\"name\":\"yritys\",\"next_slide\":\"yritys\",\"info\":[]}],\"id\":\"315e5b25-0420-50f0-b089-cf06c907fac8\",\"style\":{\"background\":\"#fff\"},\"name\":\"ostaja\"}]","{\"background\":\"#dff2fd\"}",0,0,0,0,0,2,"",1
4,"syy","Syy","[{\"type\":\"html\",\"tag\":\"h2\",\"content\":\"<p>Mitä asiaa valituksesi koskee? </p>\",\"style\":{\"color\":\"#2d72bb\"},\"id\":\"c60fdd63-7051-50d5-8103-d8271d7ccd4c\",\"name\":\"otsikko\"},{\"type\":\"choice\",\"items\":[{\"label\":\"Valitus tavaran virheestä\",\"icon\":\"images/icon-fault.png\",\"style\":{\"background\":\"#fff\"},\"id\":\"7199ffbe-f4f8-5072-9d5d-927f7dc71eee\",\"name\":\"vika_tai_puute\",\"next_slide\":\"virheet\",\"info\":[]},{\"id\":\"ca82c627-1fd3-5515-abb6-4efa8c60d6be\",\"info\":[],\"name\":\"myohastyminen\",\"label\":\"Valitus toimituksen myöhästymisestä\",\"icon\":\"images/icon-late.png\",\"next_slide\":\"myohastyminen_toimituspaiva\"},{\"id\":\"ade15614-88ac-5b08-ac97-0d838ece34d7\",\"info\":[],\"name\":\"auto\",\"label\":\"Valitus auton virheestä\",\"icon\":\"images/icon-truck.png\",\"next_slide\":\"kaytetty_uusi_auto\"}],\"id\":\"f6af5d09-e073-5baf-94ca-f45576772988\",\"style\":{\"background\":\"#fff\"},\"name\":\"vika\"},{\"type\":\"next\",\"content\":\"Eteenpäin\",\"id\":\"f86fc90e-9b8e-5f31-9601-b6a6b32016b5\",\"style\":{},\"next_slide\":null}]","{\"background\":\"#dff2fd\"}",0,0,0,0,0,3,"",1
5,"tuote","Tuote ja yritys","[{\"type\":\"html\",\"tag\":\"h2\",\"content\":\"<p>Tuote josta valitat</p>\",\"style\":{},\"id\":\"13e81bd1-9213-55c9-acfe-d6d8bb0121a9\",\"name\":\"otsikko_tuoteryhma\"},{\"type\":\"form\",\"items\":[{\"type\":\"autocomplete\",\"label\":\"Tuote\",\"source\":\"http://nettineuvoja.fi/Nettineuvoja/api/tuotteet/haenimella/$keyword\",\"required\":true,\"info\":{\"title\":\"\",\"content\":\"\",\"close_text\":\"Sulje\"},\"id\":\"b3e1aefa-b258-505e-af1e-d81c1daacf63\",\"name\":\"tuoteryhma\",\"placeholder\":\"(esim. sänky, auto, jääkaappi...)\",\"notices\":[],\"items\":[]},{\"type\":\"text\",\"label\":\"Tuotemerkki\",\"id\":\"92124c5b-6878-5d70-b9dd-fefbc64221d2\",\"name\":\"tuotemerkki\",\"placeholder\":\"Jos kyseessä on tavara niin sen merkki\",\"required\":false,\"input_type\":\"text\",\"info\":{},\"notices\":[],\"items\":[]},{\"type\":\"text\",\"label\":\"Tuotteen malli\",\"id\":\"b2a84ada-7635-55cb-9a88-0496671dda22\",\"required\":false,\"name\":\"tuotteen_malli\",\"input_type\":\"text\",\"info\":{},\"notices\":[],\"placeholder\":\"Jos kyseessä on tavara niin sen malli\",\"items\":[]}],\"id\":\"a4af6059-75c1-5e02-8a96-b5229848bc2d\",\"style\":{},\"name\":\"tuoteryhma\"},{\"type\":\"html\",\"tag\":\"h2\",\"content\":\"<p>Valituksen vastapuolena<br/>oleva yritys</p>\",\"style\":{},\"id\":\"11cf9466-4493-552a-a704-f709704bcf78\",\"name\":\"otsikko_yritys\"},{\"type\":\"form\",\"items\":[{\"type\":\"autocomplete\",\"label\":\"Yritys\",\"source\":\"http://nettineuvoja.fi/Nettineuvoja/api/yritykset/haenimella/$keyword\",\"required\":true,\"info\":{\"title\":\"Vastapuolena oleva yritys\",\"content\":\"<p>Tavaran myynyt yritys on ensisijaisesti vastuussa virheen hyvittämisestä. Myyjä ei voi velvoittaa kuluttajaa sopimaan korjauksesta tai muusta hyvityksestä maahantuojan ja takuuhuollon kanssa.</p><p>Vaikka myyjä on ensisijaisesti vastuussa virheestä, voit halutessasi esittää valituksesi myös maahantuojalle tai valmistajalle. Ensin asia kannattaa selvittää sopimuskumppanin eli myyjän kanssa.</p><p>Valmistaja tai maahantuoja ei ole vastuussa virheestä, jos se on syntynyt niistä riippumattomasta syystä tavaran jälleenmyyjälle luovutuksen jälkeen.</p>\",\"close_text\":\"Sulje\"},\"id\":\"98a445a2-d985-5129-bc51-eefef8865757\",\"name\":\"yrityksen_nimi\",\"notices\":[],\"items\":[]},{\"type\":\"text\",\"label\":\"Ostopaikka\",\"id\":\"73f7ba91-ea6e-5717-8f1c-cd702e433018\",\"name\":\"yrityksen_toimipaikka\",\"input_type\":\"text\",\"info\":{},\"required\":false,\"notices\":[],\"items\":[]}],\"id\":\"f6e84485-a43c-5d56-b967-4c79a74c6b11\",\"style\":{},\"name\":\"yritys\"},{\"type\":\"next\",\"content\":\"Eteenpäin\",\"id\":\"ab3d4083-d5f5-5b00-8509-a00c3c922bfe\",\"style\":{},\"next_slide\":\"syy\"}]","{\"background\":\"#a1daf8\"}",1,0,0,0,0,4,"",0
6,"virheet","Virheet","[{\"type\":\"html\",\"tag\":\"h2\",\"content\":\"<p>Mielestäni tavarassa on myyjän<br/>vastuulle kuuluva virhe, koska</p>\",\"style\":{\"color\":\"#2d72bb\"},\"id\":\"aa19b3c5-d759-5e3c-98cb-347507e99e1a\",\"name\":\"otsikko\"},{\"type\":\"html\",\"tag\":\"p\",\"content\":\"Valitse yksi tai useampi tilanteeseen sopiva väittämä:\",\"style\":{\"font-size\":\"22px\"},\"id\":\"6ee56b9f-81ef-5f8b-b84a-c31069d6da1c\",\"name\":\"johdanto\"},{\"type\":\"form\",\"items\":[{\"type\":\"checkbox\",\"label\":\"Tavara ei sovi tarkoitettuun käyttöön\",\"info\":{\"title\":\"Tavara ei sovi tarkoitettuun käyttöön\",\"content\":\"<p>Tavarassa on myyjän vastuulle kuuluva virhe, jos se ei sovellu:</p><ul><li>tarkoitukseen, johon kyseistä tavaraa yleensä käytetään</li><li>kuluttajan tarkoittamaan erityskäyttöön, josta myyjä on ollut tietoinen eikä ole siitä ennen kaupantekoa ilmoittanut kuluttajalle.</li></ul>\",\"close_text\":\"Sulje\"},\"id\":\"1ca07fb5-4294-5050-90a9-81d10940e9c8\",\"name\":\"ei_sovi_tarkoitettuun_kayttoon\",\"required\":false,\"notices\":[],\"items\":[]},{\"type\":\"checkbox\",\"label\":\"Tavara ei ole sellainen kuin luvattiin\",\"info\":{\"title\":\"Tavara ei ole sellainen kuin luvattiin\",\"content\":\"<p>Tavarassa on myyjän vastuulle kuuluva virhe, jos:</p><ul><li>tavara ei laadultaan tai ominaisuuksiltaan vastaa sovittua</li><li>myyjä on antanut vääriä tietoja tavaran ominaisuuksista </li><li>myyjä on antanut tai jättänyt kertomatta käytetyn tavaran aiempaa käyttöä koskevasta merkittävästä seikasta</li></ul><p>Myyjä ei vastaa viasta, josta ostaja on tiennyt kauppaa tehtäessä. Myyjä ei ole myöskään vastuussa:</p><ul><li>tavaran tai sen osan tavanomaisesta kulumisesta</li><li>tavaran vääränlaisen käsittelyn aiheuttamista vioista</li><li>tapaturman aiheuttamista vioista</li></ul>\",\"close_text\":\"Sulje\"},\"id\":\"4c5a77dc-8f51-53ba-b430-1260aa51eaec\",\"name\":\"ei_ole_sellainen_kuin_luvattiin\",\"notices\":[],\"items\":[]},{\"type\":\"checkbox\",\"label\":\"Tavara hajosi liian aikaisin sen normaaliin kestoikään nähden\",\"info\":{\"title\":\"Tavara hajosi liian aikaisin sen normaaliin kestoikään nähden\",\"content\":\"<p><b>Uutena ostetussa tavarassa</b> on myyjän vastuulle kuuluva virhe, jos se kestää lyhyemmän aikaa kuin voi perustellusti odottaa. Kuluttajalla on oikeus odottaa laitteen kestävän normaalikäytössä kestoikänsä ajan ilman kalliita korjauskustannuksia. Esimerkiksi kodinkoneiden ja elektronisten laitteiden odotettavissa oleva kestoikä on useita vuosia.</p><p><b>Käytettynä ostetussa tavarassa</b> on virhe, jos myyjä on antanut siitä väärää tai puutteellista tietoa tai tavara on muutoin huonommassa kunnossa kuin ostaja voi perustellusti odottaa. Virhettä arvioitaessa huomioidaan muun muassa tavaran hinta, ikä ja huoltohistoria. Käytetyssä tavarassa voi olla käytöstä ja luonnollisesta kulumisesta johtuvia vikoja, joita ei lueta virheeksi.</p><p><b>Myyjä ei vastaa viasta</b>, josta ostaja on tiennyt kauppaa tehtäessä. Myyjä ei ole myöskään vastuussa</p><ul><li>tavaran tai sen osan tavanomaisesta kulumisesta</li><li>tavaran vääränlaisen käsittelyn aiheuttamista vioista </li><li>tapaturman aiheuttamista vioista</li></ul>\",\"close_text\":\"Sulje\"},\"id\":\"2cd12079-715c-58ab-8a86-ffce2af3ae6b\",\"name\":\"hajosi_liian_aikaisin\",\"notices\":[],\"items\":[]},{\"type\":\"checkbox\",\"label\":\"Tavaralle ei ole annettu riittäviä asennus- ja käyttöohjeita\",\"info\":{\"title\":\"Tavaralle ei ole annettu riittäviä asennus- ja käyttöohjeita\",\"content\":\"<p>Tavaralle pitää antaa käyttö-, huolto- ja hoito-ohjeet, jos sen käyttäminen vaatii ohjeita. Käyttöohjeiden on oltava sellaisessa muodossa, että kuluttaja voi niitä vaikeuksitta käyttää.</p><p>Ohjeet on annettava suomeksi ja ruotsiksi. Käyttöohje pitää antaa myös verkkokaupassa, jos verkkosivut ovat suomenkieliset ja markkinointi on muutenkin selvästi suunnattu suomalaisille.</p>\",\"close_text\":\"Sulje\"},\"id\":\"7df29879-64d1-510e-b9ef-dda650d750fe\",\"name\":\"ei_annettu_riittavia_ohjeita\",\"notices\":[],\"items\":[]}],\"id\":\"596c9cbb-605e-511a-a164-b9963d2da570\",\"style\":{},\"name\":\"virheet\"},{\"type\":\"next\",\"content\":\"Eteenpäin\",\"id\":\"f2543d1b-ad9d-5505-a4f6-6c3fd91d437e\",\"style\":{},\"next_slide\":\"kohde\"}]","{\"background\":\"#e3e4e4\"}",0,0,0,0,0,5,"",0
7,"kohde","Tietoja valituksen kohteesta","[{\"type\":\"html\",\"tag\":\"h2\",\"content\":\"Tietoja valituksen kohteesta\",\"style\":{\"color\":\"#2d72bb\"},\"id\":\"0c1bd20f-85d6-561f-8a40-20fca12647fc\",\"name\":\"otsikko\"},{\"type\":\"form\",\"items\":[{\"type\":\"text\",\"label\":\"Tuotteen kauppahinta\",\"required\":true,\"id\":\"a19fcf73-d1de-58d1-a708-ab13cd3d4779\",\"name\":\"kauppahinta\",\"placeholder\":\"Syötä kauppahinta\",\"info\":[],\"input_type\":\"number\",\"notices\":[],\"items\":[]},{\"type\":\"text\",\"label\":\"Tuotteen ostopäivä\",\"required\":false,\"id\":\"7b16f5fd-ca75-5294-b1b1-e21a517a3a5b\",\"name\":\"ostopaivamaara\",\"info\":{\"title\":\"\"},\"input_type\":\"text\",\"notices\":[],\"items\":[],\"placeholder\":\"Syötä päivämäärä, arviokin käy\"},{\"type\":\"text\",\"label\":\"Virheen havaitsemispäivä\",\"required\":false,\"id\":\"1b3f08c8-9502-594d-b8d5-f95b8753cc7f\",\"name\":\"virheen_havaitsemispaivamaara\",\"info\":{\"title\":\"\",\"content\":\"\"},\"input_type\":\"text\",\"notices\":[],\"items\":[],\"placeholder\":\"Syötä päivämäärä, arviokin käy\"},{\"id\":\"77e532ef-a1c4-533d-a983-cd6a70f4f956\",\"type\":\"dropdown\",\"notices\":[],\"info\":{\"title\":\"Takuun merkitys\",\"content\":\"<p></p><h3></h3><h1></h1><h3></h3><p><b>TAKUU ON VOIMASSA</b></p><p>Myyjä vastaa tavaran virheistä antamiensa takuuehtojen mukaisesti. Myyjä vastaa myös valmistajan tai maahantuojan antamasta takuusta, ellei ennen kaupan tekoa ole nimenomaisesti irtisanoutunut siitä.</p><p>Takuunantaja ei vastaa tavaran viasta, jos se osoittaa, että vika johtuu ostajasta, kuten esimerkiksi <br/></p><ul><li>tavaran vääränlaisesta käyttämisestä.</li><li>käyttö- tai hoito-ohjeiden laiminlyönnistä.</li><li>ulkoisesta vauriosta tai tapaturmasta.</li></ul><br/>Ostajalta ei voi takuuaikana periä maksua vian selvittämiseen liittyvistä toimenpiteistä. Poikkeuksena ovat tilanteet, joissa ostaja on tuonut tavaran korjattavaksi selvästi perusteetta tai hän on itse aiheuttanut vian, josta hänen olisi pitänyt olla selvillä.<br/><b><br/>TAKUU KULUNUT UMPEEN TAI SITÄ EI OLLUT</b><br/><br/>Yrityksen virhevastuun kestolle ei ole laissa säädetty takarajaa, vaan yrityksen vastuuaika määrittyy tavaran tai rikkoutuneen yksittäisen osan oletettavissa olevan kestoiän perusteella. Yrityksen virhevastuu ei siis pääty takuuajan umpeutumisen jälkeen.<br/><br/>Takuuajan jälkeen kuluttajan on pystyttävä osoittamaan yrityksen vastuulle kuuluvan virheen olemassaolo. Jos tavara osoittautuu vian etsinnän jälkeen virheettömäksi, yrityksen on yleensä mahdollista periä ostajalta etsintätyöstä kohtuullinen maksu, jos mahdollisesta maksusta on sovittu etukäteen.<p></p>\"},\"items\":[{\"id\":\"5ed2d3f6-25d9-56de-befa-8c8aab6a13c2\",\"name\":\"voimassa\",\"label\":\"Voimassa\"},{\"id\":\"201376f4-1914-5b17-a0ec-87acfb14521d\",\"name\":\"ei_voimassa\",\"label\":\"Ei voimassa\"},{\"id\":\"28445bf3-55d1-5e3a-bcfa-b8b0617b6ca7\",\"name\":\"ei_takuuta\",\"label\":\"Takuuta ei ollut\"}],\"empty\":\"-- Valitse takuu --\",\"name\":\"takuu_voimassaolo\",\"label\":\"Tuotteen takuu\"},{\"id\":\"8133dadb-d701-587a-ae4d-c08831654010\",\"type\":\"text\",\"notices\":[],\"info\":{\"content\":\"<p><b>Jos maksoit luottokortilla</b>, voit vaatia maksua takaisin luottokorttiyhtiöltä tilanteissa, joissa yritys ei toimita ostosta, yritys on mennyt konkurssiin tai tuotteessa on myyjän vastuulle kuuluva virhe, jota yritys ei suostu hyvittämään.</p><p><b>Jos maksoit maksukortin debit-ominaisuudella</b>, voit vaatia maksettujen ostosten osalta hyvitystä korttiyhtiöltä, jos yhtiö on korttiehdoissaan tai muutoin tähän sitoutunut.</p><p><b>Myös operaattorilla on luottokorttiyhtiöiden kaltainen vastuu</b> tilanteessa, jossa kuluttaja maksaa tavaroita ja palveluja matkapuhelimella ja maksu peritään puhelinlaskun yhteydessä. Jos maksetussa ostoksessa tai tilauksessa on virhe, kuluttaja voi pidättäytyä maksusta tai vaatia hyvitystä ostoksesta myyjän ja palveluntarjoajan lisäksi myös operaattorilta.</p><p><br/></p>\",\"title\":\"Jos maksoit luottokortilla, voit ongelmatilanteessa kääntyä luottokorttiyhtiön puoleen\"},\"items\":[],\"name\":\"maksutapa\",\"label\":\"Maksutapa\",\"input_type\":\"text\",\"placeholder\":\"esim. käteinen, pankkikortti, luottokortti...\"}],\"id\":\"92127f8e-95dd-5029-8f82-48591f58a846\",\"style\":{},\"name\":\"tuote\"},{\"type\":\"next\",\"content\":\"Eteenpäin\",\"id\":\"cf95314a-ea54-5e0e-8b6d-629b7d67cf6f\",\"style\":{},\"next_slide\":\"vaatimus_virhe\"}]","{\"background\":\"#e3e4e4\"}",0,0,0,0,0,6,"",0
8,"yksityinen","Yksityinen","[{\"type\":\"html\",\"tag\":\"h2\",\"content\":\"Yksityishenkilöltä ostettu tavara\",\"style\":{\"color\":\"#2d72bb\"},\"id\":\"edea7a1e-0711-5eae-a8fe-afd829b09724\",\"name\":\"otsikko\"},{\"type\":\"html\",\"tag\":\"div\",\"content\":\"<p>Valitettavasti nettineuvoja pystyy tarjoamaan vain vähän apua tähän tilanteeseen.</p><p>Jos tavara on ostettu yksityiseltä henkilöltä, ostajalla ei ole kuluttajansuojalain antamaa suojaa, eikä asiassa voi turvautua valtakunnallisen kuluttajaneuvonnan apuun. Sama pätee silloin, kun kauppa on tapahtunut esimerkiksi kirpputorilla tai verkkohuutokaupassa selkeästi yksityishenkilöiden kesken.</p><p>Tällaisessa tilanteessa voi edetä seuraavasti:</p><ol><li>Tee ensin myyjälle valitus, jossa esität vaatimuksesi. Yksityishenkilöiden välisiin kauppoihin sovelletaan kauppalakia. Kauppalain säännökset virheen määrittelyn osalta vastaavat pitkälti kuluttajasuojalain vastaavia, joten vaatimuksen laatimisessa voit hyödyntää <a href='http://www.kkv.fi/' target='_blank'>Kilpailu- ja kuluttajaviraston verkkosivuja.</a></li><li>Jos valitus ei johda tulokseen, ostaja voi viedä asian käräjäoikeuteen.</li></ol>\",\"style\":{\"text-align\":\"left\"},\"id\":\"5bd992f2-ae7c-58c6-b1b4-7f63e4ff03f1\",\"name\":\"teksti\"}]","{\"background\":\"#dff2fd\"}",0,0,0,0,0,7,NULL,0
9,"yritys","Yritys","[{\"type\":\"html\",\"tag\":\"h2\",\"content\":\"Yritysten välinen kauppa\",\"style\":{\"color\":\"#2d72bb\"},\"id\":\"025e0ca6-c931-5728-bf5e-f581d8f7cf5a\",\"name\":\"otsikko\"},{\"type\":\"html\",\"tag\":\"div\",\"content\":\"<p>Valitettavasti nettineuvoja pystyy tarjoamaan vain vähän apua tähän tilanteeseen. Mikäli tuote on hankittu yrityksen nimiin tai tuotteen pääasiallinen käyttö liittyy yrityksenne toimintaan, tapaukseen ei sovelleta kuluttajansuojalakia, johon kuluttajan nettineuvojakin perustuu. Yritys ei voi myöskään yritysten välisessä riita-asiassa turvautua valtakunnallisen kuluttajaneuvonnan apuun eikä valittaa kuluttajariitalautakuntaan.</p><p>Yritysten välisiin kauppoihin sovelletaan kauppalakia. Kauppalain säännökset virheen määrittelyn osalta vastaavat pitkälti kuluttajasuojalain vastaavia.</p>\",\"style\":{\"text-align\":\"left\"},\"id\":\"f115c2a5-4c5a-5a0d-bcf2-a38150d4ce96\",\"name\":\"teksti\"}]","{\"background\":\"#dff2fd\"}",0,0,0,0,0,8,NULL,0
10,"kuvaus","Kuvaus","[{\"type\":\"html\",\"tag\":\"h2\",\"content\":\"Kuvaile ongelmaa lyhyesti omin sanoin:\",\"style\":{\"color\":\"#fff\"},\"id\":\"0728f4a2-318c-5d5f-8382-95ee9b711fe3\",\"name\":\"otsikko\"},{\"type\":\"form\",\"items\":[{\"type\":\"textarea\",\"rows\":10,\"max_length\":1000,\"style\":{\"background\":\"#ebf5e9\"},\"id\":\"75b4c3ce-d1c8-5cb2-aa92-d8f4a0777f95\",\"name\":\"kuvaus\",\"notices\":[],\"info\":[],\"required\":true,\"items\":[]}],\"id\":\"8b4bb305-94d3-5ab8-a246-ad79389dcf02\",\"style\":{},\"name\":\"kuvaus\"},{\"type\":\"next\",\"content\":\"Eteenpäin\",\"id\":\"7b912e8c-1981-5019-a5aa-7a7ff03e88f6\",\"style\":{},\"next_slide\":\"yhteystiedot\"}]","{\"background\":\"#79bc6e\"}",0,0,0,0,0,9,"",0
11,"yhteystiedot","Yhteystiedot","[{\"type\":\"html\",\"tag\":\"h2\",\"content\":\"Täytä valituksen tekijän tiedot\",\"style\":{\"color\":\"#2d72bb\"},\"id\":\"ddf24ab5-bd7d-554b-863a-35521693afa6\",\"name\":\"otsikko\"},{\"type\":\"form\",\"items\":[{\"type\":\"text\",\"label\":\"Nimi\",\"required\":true,\"id\":\"6dae90cf-d3ab-5c46-9dac-cadb30e20652\",\"name\":\"nimi\",\"info\":[],\"notices\":[],\"input_type\":\"text\",\"items\":[]},{\"type\":\"text\",\"label\":\"Osoite\",\"required\":false,\"id\":\"f4851498-0e40-587a-9fd5-9b8c51d2ddc1\",\"name\":\"osoite\",\"info\":[],\"notices\":[],\"input_type\":\"text\",\"items\":[]},{\"type\":\"text\",\"label\":\"Postinumero\",\"required\":false,\"id\":\"12416d58-190f-562d-bd6f-4892767bdf80\",\"name\":\"postinumero\",\"info\":[],\"notices\":[],\"input_type\":\"text\",\"items\":[]},{\"type\":\"text\",\"label\":\"Postitoimipaikka\",\"required\":false,\"id\":\"d55ed038-809a-5279-bd88-c4fc32e214d8\",\"name\":\"postitoimipaikka\",\"info\":[],\"notices\":[],\"input_type\":\"text\",\"items\":[]},{\"type\":\"text\",\"label\":\"Sähköposti\",\"required\":false,\"id\":\"3f484af8-54cf-503d-8a50-b4c4a1bae33d\",\"name\":\"sahkoposti\",\"info\":[],\"input_type\":\"email\",\"notices\":[],\"items\":[],\"placeholder\":\"oma sähköpostiosoitteesi, johon haluat lähettää valmiin valituksen\"},{\"type\":\"text\",\"label\":\"Puhelinnumero\",\"required\":true,\"id\":\"9b056225-845c-5df3-a639-e20770d29412\",\"name\":\"puhelinnumero\",\"info\":[],\"notices\":[],\"input_type\":\"text\",\"items\":[],\"placeholder\":\"kirjoita numerot yhteen ilman välilyöntejä\"}],\"id\":\"23f1a47d-b45f-5e3c-823f-6ebc2036c51a\",\"style\":{},\"name\":\"yhteystiedot\"},{\"type\":\"next\",\"content\":\"Eteenpäin\",\"id\":\"72729aca-6d2a-59a1-8a30-d7e023e14090\",\"style\":{},\"next_slide\":\"tarkista\"}]","{\"background\":\"#e3e4e4\"}",0,0,0,0,0,10,"",0
12,"tarkista","Tarkista","[{\"type\":\"html\",\"tag\":\"h4\",\"content\":\"Valituksen käyttäminen\",\"style\":{\"color\":\"#000\",\"text-align\":\"left\"},\"id\":\"35e60e3f-42ba-5b4e-9e13-a043ef11c1b8\",\"name\":\"otsikko\"},{\"type\":\"html\",\"tag\":\"div\",\"content\":\"<p></p><p><span>Painamalla tämän laatikon alareunan<b> ”yhteenveto”-nappia</b> saat valmiin valituksen, jonka<br/>voit lähettää sähköpostiisi tai tulostaa.</span><br/></p><p><b>Valituksen lähettäminen yritykselle</b></p><p>Sinun on<b> itse lähetettävä </b>laatimasi valitus yritykselle. Nettineuvoja on apuväline, eikä lähetä sitä. Voit toimittaa saamasi valituksen yritykselle </p><ul><li>sähköpostilla omasta sähköpostipalvelustasi</li><li>kopioimalla saamasi tiedot yrityksen verkkosivuillaan tarjoamaan lomakkeeseen</li><li>lähettämällä kirjeen tulostamastasi valituksesta</li></ul><span></span><br/><b>Palaute: </b>Palvelu on vielä testivaiheessa, joten anna meille valmiin valituksen katsottuasi palautetta ja auta kehittämään palvelua. <br/><b><a target=\\\"_blank\\\" href=\\\"https://www.webropolsurveys.com/Answer/SurveyParticipation.aspx?SDID=Fin786758&amp;SID=d9b777f0-3234-403b-b4ab-d8852f2015f7&amp;dy=225895410\\\">Palautteeseen tästä, ja kiitos jo etukäteen</a></b> <br/><p></p><p></p>\",\"style\":{\"color\":\"#000\",\"text-align\":\"left\"},\"id\":\"f8c9db0f-ca5f-5f2d-8181-eb5312ff2000\",\"name\":\"teksti\"},{\"id\":\"3953355e-d761-56a3-a94b-be0aa3d7bd86\",\"type\":\"next\",\"style\":{},\"label\":\"Yhteenveto\"}]","{\"background\":\"#a1daf8\"}",1,1,0,0,0,11,"",0
13,"vaatimus_virhe","Vaatimus","[{\"id\":\"9a2c2c21-1617-5602-ba09-b233c2508340\",\"type\":\"html\",\"style\":{},\"name\":\"otsikko\",\"tag\":\"h2\",\"content\":\"<p>Mitä vaadit?<br/><small>Valitse yksi tai useampi vaatimus</small></p>\"},{\"id\":\"3ebdf511-44cc-56f8-a2aa-af8043f9593a\",\"name\":\"vaatimus\",\"multiple\":true,\"type\":\"choice\",\"items\":[{\"id\":\"2baeed98-54d9-5d8a-8dfb-11a38ac68e1b\",\"name\":\"korjataan_tai_vaihdetaan_virheettomaan\",\"label\":\"Haluan, että tavara korjataan tai vaihdetaan virheettömään\",\"icon\":\"images/icon-tools.png\",\"info\":{\"title\":\"Haluan, että tavara korjataan tai vaihdetaan virheettömään\",\"content\":\"<p style=\\\"color: rgb(0, 0, 0);\\\">Virheen ensisijainen oikaisukeino on korjaus. Myyjällä on oikeus korjata vika, jos se tarjoutuu viipymättä ostajan ilmoitettua virheestä vian korjaamaan ja korjaaminen tapahtuu kohtuullisessa ajassa, alentamatta tavaran arvoa ja aiheuttamatta ostajalle huomattavaa haittaa.</p><p style=\\\"color: rgb(0, 0, 0);\\\">Virheen korjauksesta ei saa yleensä aiheutua asiakkaalle kustannuksia:</p><ul style=\\\"color: rgb(45, 114, 187);\\\"><li style=\\\"color: rgb(0, 0, 0);\\\">Takuuaikana tavara on aina korjattava takuuehtojen mukaisesti aiheuttamatta minkäänlaisia kuluja kuluttajalle, kuten tavaran korjattavaksi toimittamisesta aiheutuvia kuluja.</li><li style=\\\"color: rgb(0, 0, 0);\\\">Takuun päättymisen jälkeen kuluttaja voi joutua osallistumaan tavaran korjauskustannuksiin, jos kuluttaja saa korjauksesta hyötyä silloin, kun tavara tulee korjauksen ansiosta selvästi iältään vastaavia laitteita parempaan kuntoon.</li><li style=\\\"color: rgb(0, 0, 0);\\\">Myyjän vastuu virheestä vähenee sitä mukaa kuin tavara vanhenee. Lähtökohtana on, että ostajan osuus korjauskustannuksista on sitä suurempi mitä lähempänä tavara on sen oletettavissa olevan kestoiän päättymistä.</li></ul><p style=\\\"color: rgb(0, 0, 0);\\\">Jos yritys edellyttää kuluttajan osallistumista korjauskustannuksiin, kuluttaja voi kieltäytyä korjauksesta. Virhe voidaan tällöin hyvittää vaihtamalla tavara virheettömään tai hinnanalennuksella. Käytetyn tavaran kaupassa vaihto ei yleensä tule kyseeseen.</p>\"},\"next_slide\":null},{\"id\":\"3ad3a4fc-f385-52f8-8a22-cfcd5f33135b\",\"info\":{\"content\":\"<p>Hinnanalennus voi tulla kyseeseen erimerkiksi silloin, kun</p><ul><li>tavara on käyttökelpoinen virheellisenäkin.</li><li>virheen merkitys on kokonaisuuden kannalta vähäinen, esim. pintavika.</li><li>korjaus aiheuttaa kohtuuttomia kustannuksia tavaran arvoon nähden. <br/></li></ul><br/>Hinnanalennuksen on oltava suuruudeltaan virhettä vastaava, esimerkiksi arvioidut korjauskustannukset.<br/>\",\"title\":\"Haluan hinnanalennusta, jos korjaus tai vaihto ei onnistu\"},\"name\":\"hinnanalennus\",\"next_slide\":\"hinnanalennus\",\"label\":\"Haluan hinnanalennusta, jos korjaus tai vaihto ei onnistu\",\"icon\":\"images/icon-discount.png\"},{\"id\":\"3cf2bb2e-6bcb-5e7f-a767-934fc2b5f3c0\",\"label\":\"Haluan kaupan purkamista, jos korjaus tai vaihto ei onnistu\",\"name\":\"kaupan_purku_jos_korjaus_tai_vaihto_ei_onnistu\",\"icon\":\"images/icon-cart.png\",\"info\":{\"title\":\"Haluan kaupan purkamista, jos korjaus tai vaihto ei onnistu\",\"content\":\"<p style=\\\"color: rgb(0, 0, 0);\\\">Kaupan purkua voi vaatia, jos virhe ei ole vähäinen ja virhettä ei voi hyvittää muilla keinoilla.</p><p style=\\\"color: rgb(0, 0, 0);\\\">Kaupan purku ei yleensä ole mahdollista, jos tavara on helposti ja nopeasti korjattavissa tai tavarassa on jokin pintavika, jonka merkitys on vähäinen.</p>\"},\"next_slide\":null}],\"style\":{\"background\":\"#fff\",\"font-size\":\"18px\"}},{\"id\":\"fb0d9152-1901-589b-b196-6ef735131943\",\"type\":\"next\",\"style\":{},\"next_slide\":\"vahingonkorvaus\"}]","{\"background\":\"#dff2fd\"}",0,0,0,0,0,12,"",0
14,"korvaukset","Vaaditut vahingonkorvaukset","[{\"id\":\"8211fdfb-9ba5-50d2-bc9d-4bf22c130246\",\"type\":\"html\",\"style\":{},\"name\":\"\",\"tag\":\"h2\",\"content\":\"<p>Vaaditut vahingonkorvaukset</p>\"},{\"id\":\"11ecafd0-3ff3-59a4-b1be-a6fef0b9e091\",\"type\":\"form\",\"items\":[{\"id\":\"331be790-8c04-56d9-8c10-f6447934242f\",\"type\":\"text\",\"info\":[],\"name\":\"postikulut\",\"label\":\"Postikulut\",\"placeholder\":\"Syötä summa euroissa\",\"input_type\":\"number\",\"notices\":[],\"items\":[]},{\"id\":\"318bc8ca-7e82-5cb2-aeb3-831093056a52\",\"type\":\"text\",\"info\":[],\"name\":\"matkakulut\",\"label\":\"Matkakulut\",\"placeholder\":\"Syötä summa euroissa\",\"input_type\":\"number\",\"notices\":[],\"items\":[]},{\"id\":\"0f39c7d7-c6bf-5690-925b-585162bac427\",\"type\":\"text\",\"info\":[],\"name\":\"puhelinkulut\",\"label\":\"Puhelinkulut\",\"placeholder\":\"Syötä summa euroissa\",\"input_type\":\"number\",\"notices\":[],\"items\":[]},{\"id\":\"563ed680-2dca-56d2-824b-50f29bec14a0\",\"type\":\"text\",\"info\":[],\"name\":\"muut_kulut\",\"label\":\"Muut kulut\",\"placeholder\":\"Syötä summa euroissa\",\"input_type\":\"number\",\"notices\":[],\"items\":[]},{\"id\":\"52130d51-bf64-5acc-961c-5a84d9bc6278\",\"type\":\"textarea\",\"info\":[],\"name\":\"Lisatiedot\",\"label\":\"Lisätiedot\",\"notices\":[],\"items\":[]}],\"style\":{},\"name\":\"korvaukset\"},{\"id\":\"d8d5bab4-d9ca-5e4d-a8da-efcd129ea5bd\",\"type\":\"next\",\"style\":{},\"next_slide\":\"kuvaus\"}]","{\"background\":\"#dff2fd\"}",0,0,0,0,0,13,"",0
24,"hinnanalennus","Hinnanalennus","[{\"id\":\"6c57f79f-debf-5afd-8ec2-33013b28bf88\",\"type\":\"html\",\"style\":{},\"tag\":\"h2\",\"name\":\"otsikko\",\"content\":\"Haluamani hinnanalennus\"},{\"id\":\"0bd7cc5f-8270-5a1f-b6f5-a3954429540a\",\"type\":\"form\",\"items\":[{\"id\":\"2f1b410f-3110-5976-832d-e2b41eedafcc\",\"type\":\"text\",\"info\":[],\"name\":\"hinnanalennus\",\"label\":\"Hinnanalennuksen määrä euroissa\",\"placeholder\":\"Syötä summa euroissa\",\"input_type\":\"text\",\"required\":true,\"notices\":[],\"items\":[]}],\"style\":{},\"name\":\"hinnanalennus\"},{\"id\":\"8f1912f0-27f1-5621-ac29-5e2fedbf0cd6\",\"type\":\"next\",\"style\":{},\"next_slide\":\"vahingonkorvaus\"}]","{\"background\":\"#dff2fd\"}",0,0,0,0,0,14,"",0
25,"vahingonkorvaus","Vahingonkorvaus","[{\"id\":\"e631b0a6-27f7-5929-a4af-bb13feaf47ed\",\"type\":\"html\",\"style\":{},\"name\":\"otsikko\",\"tag\":\"h2\",\"content\":\"<p>Vaaditko vahingonkorvausta virheestä tai viivästyksestä aiheutuneista kustannuksista?</p>\"},{\"id\":\"aaae702f-3d3c-5037-a0a9-c34530f635ea\",\"type\":\"choice\",\"items\":[{\"id\":\"1be5f5e4-1c7d-5706-b270-ab9d783c788e\",\"info\":{\"content\":\"<p>Vahingonkorvausta voi vaatia asian selvittämisestä aiheutuneista välittömistä menoista, kuten matkakulut. Erityistapauksissa korvausta voi vaatia myös yrityksen huolimattomuuden aiheuttamista välillisistä vahingoista, kuten tulonmenetyksestä tai käyttöhyödyn menetyksestä. <br/></p><p>Kustannuksista pitää olla kuitti tai muu luotettava selvitys. <br/></p><p>Pahasta mielestä, henkisestä kärsimyksestä tai vapaa-ajan menetyksestä ei saa vahingonkorvausta.<br/></p>\",\"title\":\"Vahingonkorvausta voi vaatia virheen tai viivästyksen aiheuttamista kustannuksista\"},\"name\":\"vaadin\",\"label\":\"Vaadin\",\"icon\":\"images/icon-yes.png\",\"next_slide\":\"korvaukset\"},{\"id\":\"9522a38e-fb88-5eec-9a0d-2e3128c5b387\",\"info\":[],\"name\":\"en_vaadi\",\"label\":\"En vaadi\",\"icon\":\"images/icon-no.png\",\"next_slide\":\"kuvaus\"}],\"style\":{\"background\":\"#fff\"},\"name\":\"vaadin_vahingonkorvausta\",\"multiple\":false}]","{\"background\":\"#dff2fd\"}",0,0,0,0,0,15,"",1
28,"vaatimus_myohastyminen","Vaatimus myöhästyminen","[{\"id\":\"4ef2530c-0ebf-52c0-83a1-e5c7ade8e76d\",\"type\":\"html\",\"style\":{},\"name\":\"otsikko\",\"tag\":\"h2\",\"content\":\"<p>Mitä vaadit?<br/><small>Valitse yksi tai useampi vaatimus</small></p>\"},{\"id\":\"0ae71ef2-d342-5810-a189-bc83b3936e57\",\"type\":\"choice\",\"items\":[{\"id\":\"3b6ac8ba-969f-5f3b-af96-8b60042a2b42\",\"info\":{\"title\":\"Haluan, että tavara toimitetaan tietyn ajan kuluessa\",\"content\":\"<p>Toimituksen myöhästyessä on annettava kohtuullinen lisäaika ennen kuin voi vaatia kaupan purkamista.</p><p>Kauppahintaa ei tarvitse maksaa ennen kuin tavara on toimitettu.<br/></p>\"},\"name\":\"toimitetaan_tietyn_ajan_kuluessa\",\"label\":\"Haluan, että tavara toimitetaan antamani ajan kuluessa\",\"icon\":\"images/icon-late.png\",\"next_slide\":\"toimitus_annetun_ajan_kuluessa\"},{\"id\":\"df660163-5c5a-599f-8bf5-fdeb73f56886\",\"info\":{\"title\":\"Haluan purkaa kaupan, jos tavaraa ei toimiteta annetussa lisäajassa\",\"content\":\"<p>Toimituksen myöhästyessä on annettava kohtuullinen lisäaika ennen kuin voi vaatia kaupan purkamista.</p><p>Kaupan purkua voi vaatia, jos yritys ei toimita tuotetta kuluttajan antamassa lisäajassakaan.<br/></p>\"},\"label\":\"Haluan purkaa kaupan, jos tavaraa ei toimiteta annetussa lisäajassa\",\"name\":\"kaupan_purku_jos_ei_toimiteta_annetussa_ajassa\",\"icon\":\"images/icon-cart.png\",\"next_slide\":\"toimitus_annetun_ajan_kuluessa\"},{\"id\":\"37da7fe6-8fc2-5f22-ab62-7cb6870895fe\",\"info\":{\"title\":\"Haluan purkaa kaupan, koska tavarasta ei ole enää hyötyä\",\"content\":\"<p>Kaupan purkua voi vaatia viivästyksen vuoksi, jos yrityksen pitäisi ostajan ilmoituksen tai käyttötarkoituksen perusteella tietää, että tavara on luovutettava ostajalle sovittuun aikarajaan mennessä.<br/></p>\"},\"label\":\"Haluan purkaa kaupan, koska tavarasta ei ole enää hyötyä\",\"name\":\"kaupan_purku_tavarasta_ei_hyotya\",\"icon\":\"images/icon-tools.png\"}],\"style\":{\"background\":\"#fff\",\"font-size\":\"18px\"},\"name\":\"vaatimus\",\"multiple\":true},{\"id\":\"ec664edb-75d5-5b89-919f-9c52a4d1a2ea\",\"type\":\"next\",\"style\":{},\"next_slide\":\"vahingonkorvaus\"}]","{\"background\":\"#dff2fd\"}",0,0,0,0,0,17,"",0
29,"toimitus_annetun_ajan_kuluessa","Toimituksen ajankohta","[{\"id\":\"141b27f2-b020-5bef-ae4a-a2181ef9f05b\",\"type\":\"html\",\"style\":{},\"name\":\"otsikko\",\"tag\":\"h2\",\"content\":\"<p>Tavaran toimitus</p>\"},{\"id\":\"0d1a6bac-3212-5f7d-806d-9d1991ea2130\",\"type\":\"form\",\"items\":[{\"id\":\"7b22586e-1f27-5f74-b9e2-3aa79977f723\",\"type\":\"text\",\"notices\":[],\"info\":{},\"label\":\"Haluan, että tavara toimitetaan viimeistään\",\"name\":\"toimitus_viimeistaan\",\"placeholder\":\"Syötä päivämäärä\",\"input_type\":\"text\",\"required\":true,\"items\":[]}],\"style\":{},\"name\":\"toimitus\"},{\"id\":\"16a6058b-996f-5be2-a99a-76eb3e530b07\",\"type\":\"next\",\"style\":{},\"next_slide\":\"vahingonkorvaus\"}]","{\"background\":\"#dff2fd\"}",0,0,0,0,0,18,"",0
30,"myohastyminen_toimituspaiva","Toimituspäivä","[{\"id\":\"535dd6b4-03b1-5bae-a9d7-7e8cc1522259\",\"type\":\"html\",\"style\":{},\"name\":\"otsikko_toimistupaiva\",\"content\":\"<p>Tietoja valituksen kohteesta</p>\",\"tag\":\"h2\"},{\"id\":\"0efa6f1a-db26-561b-820f-934c04872e0c\",\"type\":\"form\",\"items\":[{\"id\":\"9520e18e-e3b2-515f-a90d-b8bb7776eb00\",\"type\":\"text\",\"notices\":[],\"info\":[],\"name\":\"toimituspaivamaara\",\"label\":\"Sovittu toimituspäivämäärä\",\"input_type\":\"text\",\"items\":[],\"placeholder\":\"syötä päivämäärä\"},{\"id\":\"42613b28-bb26-5425-9976-0346229c9fc6\",\"type\":\"text\",\"notices\":[],\"info\":[],\"name\":\"ostopaivamaara\",\"label\":\"Ostopäivämäärä\",\"input_type\":\"text\",\"items\":[],\"placeholder\":\"syötä päivämäärä\"},{\"id\":\"37066187-8f38-5468-ab53-14af60e1572e\",\"type\":\"text\",\"notices\":[],\"info\":{\"content\":\"<p><b>Jos maksoit luottokortilla</b>, voit vaatia maksua takaisin luottokorttiyhtiöltä tilanteissa, joissa yritys ei toimita ostosta, yritys on mennyt konkurssiin tai tuotteessa on myyjän vastuulle kuuluva virhe, jota yritys ei suostu hyvittämään.</p><p><b>Jos maksoit maksukortin debit-ominaisuudella</b>, voit vaatia maksettujen ostosten osalta hyvitystä korttiyhtiöltä, jos yhtiö on korttiehdoissaan tai muutoin tähän sitoutunut.</p><p><b>Myös operaattorilla on luottokorttiyhtiöiden kaltainen vastuu</b> tilanteessa, jossa kuluttaja maksaa tavaroita ja palveluja matkapuhelimella ja maksu peritään puhelinlaskun yhteydessä. Jos maksetussa ostoksessa tai tilauksessa on virhe, kuluttaja voi pidättäytyä maksusta tai vaatia hyvitystä ostoksesta myyjän ja palveluntarjoajan lisäksi myös operaattorilta.<br/></p>\",\"title\":\"Jos maksoit luottokortilla, voit ongelmatilanteessa kääntyä luottokorttiyhtiön puoleen\"},\"items\":[],\"name\":\"maksutapa_myohastuminen\",\"label\":\"Maksutapa\",\"placeholder\":\"esim. käteinen, luottokortti, osamaksu...\",\"input_type\":\"text\"}],\"style\":{},\"name\":\"toimituspaiva\"},{\"id\":\"163e4565-1615-5d6a-abdb-de3e88deb0f5\",\"type\":\"next\",\"style\":{},\"next_slide\":\"toimituksen_tilanne\",\"label\":\"Eteenpäin\"}]","{\"background\":\"#a1daf8\"}",0,0,0,0,0,20,"",0
31,"toimituksen_tilanne","Toimituksen tilanne","[{\"id\":\"b68f14b9-667e-59aa-a73e-8a86f64f0b1e\",\"type\":\"choice\",\"items\":[{\"id\":\"c91dbef1-d23a-544e-821f-cb3ed17a4631\",\"info\":{\"title\":\"Tavaraa ei ole toimitettu\",\"content\":\"<p><b>Jos toimitettava tuote on ostettu yrityksen myyntipisteestä,</b></p><ul><li>toimituksen ollessa myöhässä yritykselle pitää antaa kohtuullinen lisäaika, jonka puitteissa yritys voi vielä tuotteen toimittaa. Mikäli yritys ei lisäajassakaan toimita tuotetta, kauppaa voi vaatia purettavaksi. <br/><br/>Kohtuullisen lisäajan pituus riippuu muun muassa tavaran luonteesta, ja sen välttämättömyydestä kotitaloudessa. Kohtuullinen lisäaika on yleensä pikemminkin päiviä kuin viikkoja. Sen on kuitenkin oltava niin pitkä, että yrityksellä on sen kuluessa mahdollisuus toimittaa tavara.<br/><br/></li><li>kuluttaja voi perua kaupan, mutta tällöin joutuu maksamaan myyjälle kohtuullisen vahingonkorvauksen peruutetusta tilauksesta.</li></ul><b><br/>Jos kyseessä on etämyynnistä (verkkokauppa, puhelin- ja postimyynti) tilattu tavara</b>, kuluttajalla on yleensä 14 päivän peruutusoikeus, jonka kuluessa kaupan voi perua ilman erityistä syytä.<br/><br/>14 päivän peruuttamisaika lasketaan tilatun tavaran tai viimeisen tavaraerän vastaanottamisesta. Jos kyseessä on säännöllisesti toimitettava tavara, peruuttamisaika lasketaan ensimmäisen tavaraerän vastaanottamisesta. <br/><br/>Jos tavaralla ei poikkeuksellisesti ole peruutusoikeutta (esim. mittatilaustuotteet), ennen kaupan purkamista asetettava myyjälle kohtuullinen lisäaika tavaran toimittamiselle. Peruutusoikeuden selvittämiseksi kannattaa tutustua kauppaa koskeviin sopimusehtoihin.<br/>\"},\"name\":\"ei_toimitettu\",\"label\":\"Tavaraa ei ole toimitettu\",\"icon\":\"images/icon-no.png\",\"next_slide\":\"vaatimus_myohastyminen\"},{\"id\":\"c98dfcb6-b1ea-5def-ae85-2c9dae39b653\",\"info\":{\"content\":\"<p>Jos tuote toimitettiin myöhässä, kuluttajalla on oikeus vahingonkorvaukseen viivästyneen toimituksen aiheuttamista taloudellisista vahingoista. <br/></p><p>Vahingonkorvausta voi vaatia asian selvittämisestä aiheutuneista välittömistä menoista, kuten ylimääräiset puhelin- ja matkakulut. Erityistapauksissa korvausta voi vaatia myös yrityksen huolimattomuuden aiheuttamista välillisistä vahingoista, kuten tulonmenetyksestä tai käyttöhyödyn menetyksestä.<br/></p><p>Kustannuksista pitää olla kuitti tai muu luotettava selvitys. <br/></p><p>Pahasta mielestä,  henkisestä kärsimyksestä tai vapaa-ajan menetyksestä ei saa vahingonkorvausta.<br/></p>\",\"title\":\"Tavara toimitettiin myöhässä\"},\"name\":\"toimitettu_myohassa\",\"label\":\"Tavara toimitettiin myöhässä\",\"icon\":\"images/icon-yes.png\",\"next_slide\":\"korvaukset\"}],\"style\":{\"background\":\"#fff\",\"font-size\":\"18px\"},\"name\":\"tilanne\"}]","{\"background\":\"#dff2fd\"}",0,0,0,0,0,21,"",0
39,"kaytetty_uusi_auto","Käytetty vai uusi auto?","[{\"id\":\"29fb11b9-d7a7-5a3d-a828-0f9f0d6cc934\",\"type\":\"choice\",\"items\":[{\"id\":\"d45b7a08-77b6-5999-ad9f-8c59bd1a4362\",\"info\":[],\"name\":\"uusi_auto\",\"label\":\"Uutena ostettu\",\"icon\":\"images/icon-truck.png\",\"next_slide\":\"uusi_auto_virhe\"},{\"id\":\"d4b4f486-203d-59ec-b7a5-0101cd9c8e67\",\"info\":{\"content\":\"<p><b>Jos käytetty auto on ostettu autoliikkeestä tai muulta yritykseltä,</b> ostajalla on kuluttajansuojalain mukainen suoja. <br/></p><ul><li>Ostajan on aina ensin tehtävä virheestä valitus myyjälle, mutta kiistatilanteessa hän voi turvautua kuluttajaneuvonnan apuun. </li><li>Maahantuoja tai muu aiempi myyntiporras on vastuussa auton virheistä, jos sen antama takuu on voimassa.</li></ul><b><br/>Jos käytetty auto on ostettu yksityiseltä henkilöltä</b>, kauppaan ei sovelleta kuluttajansuojalakia vaan kauppalakia, jonka säännökset virheen määrittelyn osalta ovat kuluttajansuojalakia vastaavia. <br/><ul><li>Ostajan kannattaa tehdä virheestä ensin valitus myyjälle. Käytetyn auton ostaja ei yleensä voi turvautua kuluttajaneuvonnan apuun, eikä saattaa asiaa kuluttajariitalautakunnan ratkaistavaksi. <br/></li><li>Jos valitus ei johda tulokseen, ostaja voi viedä asian käräjäoikeuteen.</li></ul><br/><b>Jos tehdastakuu on voimassa</b>, kuluttaja voi vaatia takuunantajaa  vastaamaan viasta takuuehtojen mukaisesti. Esimerkiksi puhkiruostumattomuustakuut ja -turvat ovat pitkäkestoisia. Ostajan on ensin ilmoitettava viasta takuunantajalle. <br/><br/>Mahdollisessa takuuta koskevassa kiistatilanteessa kuluttaja voi turvautua valtakunnallisen kuluttajaneuvonnan apuun ja tehdä asiasta myös valituksen kuluttajariitalautakuntaan.<br/>\",\"title\":\"Virheestä vastaava taho käytetyn auton kaupassa\"},\"name\":\"vanha_auto\",\"label\":\"Käytettynä ostettu\",\"icon\":\"images/icon-used-car.png\",\"next_slide\":\"kaytetty_auto_virhe\"}],\"style\":{\"font-size\":\"18px\",\"background\":\"#fff\"},\"name\":\"auton_valinta\"}]","{\"background\":\"#dff2fd\"}",0,0,0,0,0,28,"",1
40,"kaytetty_auto_virhe","Käytetyn auto virhe","[{\"id\":\"82eb73a6-12ae-5dfe-8e31-79084c68fc10\",\"type\":\"html\",\"style\":{},\"name\":\"otsikko\",\"tag\":\"h2\",\"content\":\"<p>Mielestäni autossa on myyjän vastuulle kuuluva virhe, koska</p>\"},{\"id\":\"ac8841fb-9c1e-5fad-8b53-0b10a68f4bb0\",\"type\":\"html\",\"style\":{\"color\":\"#2d72bb\"},\"name\":\"johdanto\",\"tag\":\"p\",\"content\":\"<p>Valitse yksi tai useampi tilanteeseen sopiva väittämä:</p>\"},{\"id\":\"8c7b632b-4bc8-546a-81bd-0f4e32010117\",\"type\":\"form\",\"items\":[{\"id\":\"744d86f7-0483-583c-ae2e-5eda5747ac6d\",\"type\":\"checkbox\",\"notices\":[],\"info\":{\"content\":\"<p>Käytetyssä autossa on myyjän vastuulle kuuluva virhe, jos auto ei vastaa sitä, mitä kauppaa tehtäessä on sovittu.</p><p>Autot ovat tasoltaan ja laadultaan erilaisia, joten virheen ja auton ominaisuuden välinen raja ei ole aina selvä. Autossa voi olla epämukaviksi koettuja ominaisuuksia, jotka eivät ole virheitä. Esimerkiksi rengasäänen voimakkuus voi vaihdella riippuen siitä, millaiset renkaat autoon on asennettu ja millaisilla tiepinnoilla sillä ajetaan. Siihen, onko kyseessä ominaisuus vai virhe, vaikuttavat auton tasosta markkinoinnissa annetut tiedot ja kaupanteossa luotu käsitys.</p><p>Myyjä ei ole vastuussa auton tai sen osan tavanomaisesta kulumisesta tai auton vääränlaisen käsittelyn aiheuttamista vioista.<br/></p>\",\"title\":\"Auto ei vastaa sitä, mitä kauppaa tehtäessä on sovittu\"},\"label\":\"Auto ei vastaa sitä, mitä kauppaa tehtäessä on sovittu\",\"name\":\"ei_vastaa\",\"required\":true,\"items\":[]},{\"id\":\"a749ddab-b930-5e15-9a23-7cae9924140e\",\"type\":\"checkbox\",\"notices\":[],\"info\":{\"content\":\"<p>Käytetyssä autossa on myyjän vastuulle kuuluva virhe, jos auto ei vastaa myyjän antamia tietoja. Myyjä vastaa myös sellaisista virheeksi katsottavista seikoista, joista se ei ole tiennyt. <br/></p><p>Myyjä ei vastaa käytetyn auton virheestä, jos</p><ul><li>ilmenneestä viasta on kerrottu ennen kaupantekoa.</li></ul><ul><li>kyse on tavanomaisesta kulumisesta auton tai sen osan odotettavissa olevaan kestoikään nähden. Käytetyssä autossa voi siis olla käytöstä ja luonnollisesta kulumisesta johtuvia vikoja, jotka eivät ole virheitä.<br/></li></ul>\",\"title\":\"Autosta on annettu vääriä tai paikkansa pitämättömiä tietoja\"},\"label\":\"Autosta on annettu vääriä tai paikkansa pitämättömiä tietoja\",\"name\":\"vaaria_tietoja\",\"required\":true,\"items\":[]},{\"id\":\"59013454-8124-59a4-8faa-c52764dc722b\",\"type\":\"checkbox\",\"notices\":[],\"info\":{\"content\":\"<p>Käytetyssä autossa on myyjän vastuulle kuuluva virhe, jos myyjä ei ole kertonut tiedossaan olleista auton ominaisuuksia tai käyttöä koskevista olennaisista seikoista.</p><p>Myyjä ei vastaa käytetyn auton virheestä, jos</p><ul><li>ilmenneestä viasta on kerrottu ennen kaupantekoa.</li><li>kyse on tavanomaisesta kulumisesta auton tai sen osan odotettavissa olevaan kestoikään nähden. Käytetyssä autossa voi siis olla käytöstä ja luonnollisesta kulumisesta johtuvia vikoja, jotka eivät ole virheitä<br/></li></ul>\",\"title\":\"Kauppaan vaikuttavia olennaisia tietoja on salattu\"},\"label\":\"Kauppaan vaikuttavia olennaisia tietoja on salattu\",\"name\":\"tietoja_salattu\",\"required\":true,\"items\":[]},{\"id\":\"1615cffe-4b83-5cdc-8fa7-d1c5182b1f7a\",\"type\":\"checkbox\",\"notices\":[],\"info\":{\"title\":\"Auto hajosi liian aikaisin sen normaaliin kestoikään nähden\",\"content\":\"<p>Käytetyssä autossa on myyjän vastuulle kuuluva virhe, jos auto on huonommassa kunnossa kuin auton ikä, ajetut kilometrit, kauppahinta tai myyjän autosta antamat tiedot huomioon ottaen on yleensä aihetta olettaa.</p><p>Myyjä ei vastaa käytetyn auton virheestä, jos</p><ul><li>ilmenneestä viasta on kerrottu ennen kaupantekoa.</li></ul><ul><li>vika johtuu tapaturmasta, auton vääränlaisesta käsittelystä tai auton asianmukaisen huollon laiminlyönnistä.</li><li>kyse on tavanomaisesta kulumisesta auton tai sen osan odotettavissa olevaan kestoikään nähden. Käytetyssä autossa voi siis olla käytöstä ja luonnollisesta kulumisesta johtuvia vikoja, jotka eivät ole virheitä.<br/></li></ul>\"},\"label\":\"Auto hajosi liian aikaisin sen normaaliin kestoikään nähden\",\"name\":\"hajosi_aikaisin\",\"required\":true,\"items\":[]}],\"style\":{},\"name\":\"syyt\"},{\"id\":\"841757e1-7934-5063-ad49-72d84a90b4e5\",\"type\":\"next\",\"style\":{},\"label\":\"Eteenpäin\",\"next_slide\":\"auto_kohde\"}]","{\"background\":\"#e3e4e4\"}",0,0,0,0,0,29,"",0
41,"auto_kohde","Tietoja autosta","[{\"id\":\"093fc4cb-a8c1-521a-b237-604fb3564349\",\"type\":\"html\",\"style\":{},\"name\":\"otsikko\",\"tag\":\"h2\",\"content\":\"<p>Tietoja valituksen kohteesta</p>\"},{\"id\":\"6991f571-a61d-59b1-8aa6-bdc5d00116a6\",\"type\":\"form\",\"items\":[{\"id\":\"22fb617a-855b-52be-a10f-e74d1ec308f3\",\"type\":\"text\",\"notices\":[],\"info\":[],\"name\":\"hinta\",\"label\":\"Auton kauppahinta\",\"input_type\":\"number\",\"required\":true,\"items\":[]},{\"id\":\"cecd6e12-7e7b-5f41-be9c-2b2235a5ebb2\",\"type\":\"text\",\"notices\":[],\"info\":[],\"name\":\"ostopaivamaara\",\"label\":\"Ostopäivämäärä\",\"input_type\":\"text\",\"items\":[]},{\"id\":\"289afbe8-a1db-515f-8cdf-c11496ec9bf7\",\"type\":\"text\",\"notices\":[],\"info\":[],\"name\":\"virhe_havaittiin\",\"label\":\"Virheen havaitsemispäivämäärä\",\"input_type\":\"text\",\"items\":[]},{\"id\":\"ea8b9b27-1bda-567e-b66c-d4ca331e4479\",\"type\":\"text\",\"notices\":[],\"info\":[],\"name\":\"vuosimalli\",\"label\":\"Vuosimalli\",\"input_type\":\"number\",\"items\":[]},{\"id\":\"2833a434-e544-5d9a-8ec3-091dc5d599e8\",\"type\":\"text\",\"notices\":[],\"info\":[],\"name\":\"kayttoonotto_vuosi\",\"label\":\"Käyttöönottovuosi\",\"input_type\":\"number\",\"items\":[]},{\"id\":\"0b9221b0-cb45-5896-ac32-a010f007ec56\",\"type\":\"text\",\"notices\":[],\"info\":[],\"label\":\"Km/tunnit ostohetkellä\",\"name\":\"km_ostohetkella\",\"input_type\":\"number\",\"items\":[]},{\"id\":\"044bfff8-670b-56df-b49e-89acaa07ee4e\",\"type\":\"text\",\"notices\":[],\"info\":[],\"label\":\"Km/tunnit vian ilmetessä\",\"name\":\"km_vian_ilmetessa\",\"input_type\":\"number\",\"items\":[]},{\"id\":\"a3725e23-a697-567c-8b46-e0949df0c773\",\"type\":\"dropdown\",\"notices\":[],\"info\":{\"content\":\"<p><b>TAKUU ON VOIMASSA</b></p><p>Myyjä vastaa auton virheistä antamiensa takuuehtojen mukaisesti. Myyjä vastaa myös valmistajan tai maahantuojan antamasta takuusta, ellei hän ennen kaupan tekoa ole nimenomaisesti irtisanoutunut siitä.</p><p>Takuunantaja ei vastaa viasta, jos se osoittaa, että vika johtuu ostajasta, kuten esimerkiksi <br/></p><ul><li>auton vääränlaisesta käyttämisestä <br/></li><li>huolto-ohjeiden mukaisten huoltojen laiminlyönnistä <br/></li><li> ulkoisesta vauriosta tai tapaturmasta.</li></ul>Ostajalta ei voi takuuaikana periä maksua vian selvittämiseen liittyvistä toimenpiteistä. Poikkeuksena ovat tilanteet, joissa ostaja on tuonut auton korjattavaksi selvästi perusteetta tai hän on itse aiheuttanut vian, josta hänen olisi pitänyt olla selvillä.<b><br/><br/>TAKUU KULUNUT UMPEEN TAI SITÄ EI OLLUT</b><br/><br/>Yrityksen virhevastuun kestolle ei ole laissa säädetty takarajaa, vaan yrityksen vastuuaika määrittyy auton tai rikkoutuneen yksittäisen osan oletettavissa olevan kestoiän perusteella. Yrityksen virhevastuu ei siis pääty takuuajan umpeutumisen jälkeen.<br/><br/>Takuuajan jälkeen kuluttajan on pystyttävä osoittamaan yrityksen vastuulle kuuluvan virheen olemassaolo. Jos auto osoittautuu vian etsinnän jälkeen virheettömäksi, yrityksen on yleensä mahdollista periä ostajalta etsintätyöstä kohtuullinen maksu, jos mahdollisesta maksusta on sovittu etukäteen.<br/>\",\"title\":\"Takuun merkitys\"},\"items\":[{\"id\":\"ba5dd1a3-ece8-54d6-b6b1-c03b0de32f89\",\"name\":\"auto_takuu_voimassa\",\"label\":\"Voimassa\"},{\"id\":\"cc2a4e89-5571-5bbe-92d0-f308a21ed4bc\",\"name\":\"auto_takuu_ei_voimassa\",\"label\":\"Ei voimassa\"},{\"id\":\"fef26f49-7988-5114-ba79-751d320ed0ed\",\"name\":\"auto_takuu_ei_ollut\",\"label\":\"Ei ollut\"}],\"name\":\"takuu_auto\",\"label\":\"Auton takuu\",\"empty\":\"-- takuu --\"},{\"id\":\"cfd276e2-f661-5b00-b81c-cbaf386e0fec\",\"type\":\"text\",\"notices\":[],\"info\":{\"content\":\"\",\"title\":\"\"},\"items\":[],\"label\":\"Maksutapa\",\"name\":\"maksutapa_auto\",\"placeholder\":\"Esim. käteinen, luottokortti, osamaksu...\",\"input_type\":\"text\"}],\"style\":{},\"name\":\"kohde\"},{\"id\":\"0a3d26f6-2311-5734-9ec8-15cdaff882f8\",\"type\":\"next\",\"style\":{},\"label\":\"Eteenpäin\",\"next_slide\":\"vaatimus_auto\"}]","{\"background\":\"#e3e4e4\"}",0,0,0,0,0,23,"",0
42,"uusi_auto_virhe","Uuden auton virhe","[{\"id\":\"d899bfa8-fdc3-503d-907f-111d735dbca7\",\"type\":\"html\",\"style\":{\"color\":\"#2d72bb\"},\"name\":\"otsikko\",\"tag\":\"h2\",\"content\":\"<p>Mielestäni autossa on myyjän vastuulle kuuluva virhe, koska</p>\"},{\"id\":\"82c839a1-a1f3-5f9d-826d-b22f29cbee8a\",\"type\":\"html\",\"style\":{},\"name\":\"johdanto\",\"tag\":\"p\",\"content\":\"<p>Valitse yksi tai useampi tilanteeseen sopiva väittämä:</p>\"},{\"id\":\"8ccb0dfa-705e-5e39-9f8d-d30f9832323b\",\"type\":\"form\",\"items\":[{\"id\":\"3638b4c9-ae66-5e5f-8224-7c01d094504e\",\"type\":\"checkbox\",\"notices\":[],\"info\":{\"content\":\"<p>Autossa on myyjän vastuulle kuuluva virhe, jos autossa ilmenee tekninen vika tai puute.</p><p>Autot ovat tasoltaan ja laadultaan erilaisia, joten virheen ja auton ominaisuuden välinen raja ei ole aina selvä. Autossa voi olla epämukaviksi koettuja ominaisuuksia, jotka eivät ole virheitä. Esimerkiksi rengasäänen voimakkuus voi vaihdella riippuen siitä, millaiset renkaat autoon on asennettu ja millaisilla tiepinnoilla sillä ajetaan. Siihen, onko kyseessä ominaisuus vai virhe, vaikuttavat auton tasosta markkinoinnissa annetut tiedot ja kaupanteossa luotu käsitys.</p><p>Myyjä ei ole vastuussa<br/></p><ul><li>auton tai sen osan tavanomaisesta kulumisesta.</li></ul><ul><li>auton vääränlaisen käsittelyn aiheuttamista vioista.</li><li>tapaturman aiheuttamista vioista.<br/></li></ul>\",\"title\":\"Autossa on tekninen vika tai puute\"},\"label\":\"Autossa on tekninen vika tai puute\",\"name\":\"tekninen_vika\",\"required\":true,\"items\":[]},{\"id\":\"a302b596-7de4-5b1a-b62e-4f1b87958645\",\"type\":\"checkbox\",\"notices\":[],\"info\":{\"title\":\"Auto ei vastaa sitä, mitä kauppaa tehtäessä on sovittu\",\"content\":\"<p>Autossa on myyjän vastuulle kuuluva virhe, jos auto ei vastaa sitä, mitä kauppaa tehtäessä on sovittu.</p><p>Autot ovat tasoltaan ja laadultaan erilaisia, joten virheen ja auton ominaisuuden välinen raja ei ole aina selvä. Autossa voi olla epämukaviksi koettuja ominaisuuksia, jotka eivät ole virheitä. Esimerkiksi rengasäänen voimakkuus voi vaihdella riippuen siitä, millaiset renkaat autoon on asennettu ja millaisilla tiepinnoilla sillä ajetaan. Siihen, onko kyseessä ominaisuus vai virhe, vaikuttavat auton tasosta markkinoinnissa annetut tiedot ja kaupanteossa luotu käsitys.</p><p>Myyjä ei ole vastuussa auton tai sen osan tavanomaisesta kulumisesta tai auton vääränlaisen käsittelyn aiheuttamista vioista.<br/></p>\"},\"label\":\"Auto ei vastaa sitä, mitä kauppaa tehtäessä on sovittu\",\"name\":\"ei_vastaa_mista_sovittu\",\"required\":true,\"items\":[]},{\"id\":\"a0568768-afc3-507a-9869-c3c6b0eb142e\",\"type\":\"checkbox\",\"notices\":[],\"info\":{\"content\":\"<p>Autossa on myyjän vastuulle kuuluva virhe, jos autosta on annettu vääriä tai paikkansa pitämättömiä tietoja.</p><p>Autot ovat tasoltaan ja laadultaan erilaisia, joten virheen ja auton ominaisuuden välinen raja ei ole aina selvä. Autossa voi olla epämukaviksi koettuja ominaisuuksia, jotka eivät ole virheitä. Esimerkiksi rengasäänen voimakkuus voi vaihdella riippuen siitä, millaiset renkaat autoon on asennettu ja millaisilla tiepinnoilla sillä ajetaan. Siihen, onko kyseessä ominaisuus vai virhe, vaikuttavat auton tasosta markkinoinnissa annetut tiedot ja kaupanteossa luotu käsitys.</p><p>Myyjä ei ole vastuussa auton tai sen osan tavanomaisesta kulumisesta tai auton vääränlaisen käsittelyn aiheuttamista vioista.<br/></p>\",\"title\":\"Autosta on annettu vääriä tai paikkansa pitämättömiä tietoja\"},\"label\":\"Autosta on annettu vääriä tai paikkansa pitämättömiä tietoja\",\"name\":\"vaaraa_tietoa\",\"required\":true,\"items\":[]},{\"id\":\"cbe02d0a-b265-582a-92dc-070b2a3c9b9d\",\"type\":\"checkbox\",\"notices\":[],\"info\":{\"content\":\"<p>Autossa on myyjän vastuulle kuuluva virhe, jos auto ei vastaa sitä, mitä kauppaa tehtäessä on sovittu.</p><p>Autot ovat tasoltaan ja laadultaan erilaisia, joten virheen ja auton ominaisuuden välinen raja ei ole aina selvä. Autossa voi olla epämukaviksi koettuja ominaisuuksia, jotka eivät ole virheitä. Esimerkiksi rengasäänen voimakkuus voi vaihdella riippuen siitä, millaiset renkaat autoon on asennettu ja millaisilla tiepinnoilla sillä ajetaan. Siihen, onko kyseessä ominaisuus vai virhe, vaikuttavat auton tasosta markkinoinnissa annetut tiedot ja kaupanteossa luotu käsitys.</p><p>Myyjä ei ole vastuussa auton tai sen osan tavanomaisesta kulumisesta tai auton vääränlaisen käsittelyn aiheuttamista vioista.<br/></p>\",\"title\":\"Kauppaan vaikuttavia olennaisia tietoja on salattu\"},\"label\":\"Kauppaan vaikuttavia olennaisia tietoja on salattu\",\"name\":\"olennaisia_tietoja\",\"required\":true,\"items\":[]},{\"id\":\"861ae235-52b6-5d15-a822-cdf59f0e8a15\",\"type\":\"checkbox\",\"notices\":[],\"info\":{\"title\":\"Auto hajosi liian aikaisin sen normaaliin kestoikään nähden\",\"content\":\"<p>Auto hajosi liian aikaisin sen normaaliin kestoikään nähden            Uutena ostetussa autossa on myyjän vastuulle kuuluva virhe, jos se kestää lyhyemmän aikaa kuin voi perustellusti odottaa. <br/></p><p>Myyjä ei ole vastuussa <br/></p><ul><li>auton tai sen osan tavanomaisesta kulumisesta.&#8232;</li><li>auton vääränlaisen käsittelyn aiheuttamista vioista.&#8232;-</li><li>tapaturman aiheuttamista vioista.<br/></li></ul>\"},\"label\":\"Auto hajosi liian aikaisin sen normaaliin kestoikään nähden\",\"required\":true,\"name\":\"hajosi_liian_aikaisin\",\"items\":[]}],\"style\":{},\"name\":\"syyt\"},{\"id\":\"01236ed4-dca0-5e24-bc17-9f1fcbf704dc\",\"type\":\"next\",\"style\":{},\"next_slide\":\"auto_kohde\"}]","{\"background\":\"#e3e4e4\"}",0,0,0,0,0,24,"",0
43,"palaute","Palaute","[{\"id\":\"54cf9b96-3be0-58f0-ad4c-e26b09a3d7a9\",\"type\":\"html\",\"style\":{},\"name\":\"otsikko\",\"tag\":\"h2\",\"content\":\"<p>Palaute<br/></p>\"},{\"id\":\"c8c1a0c0-5c2c-5e26-882c-741cae93b97c\",\"type\":\"html\",\"style\":{\"text-align\":\"left\"},\"name\":\"teksti\",\"tag\":\"div\",\"content\":\"<p>Toivottavasti nettineuvojaa oli helppo käyttää ja siitä on sinulle hyötyä.<br/></p><p>Annathan palautetta KULUTTAJAN NETTINEUVOJASTA, jotta voimme kehittää palvelua.<br/><a target=\\\"_blank\\\" href=\\\"https://www.webropolsurveys.com/Answer/SurveyParticipation.aspx?SDID=Fin786758&amp;SID=d9b777f0-3234-403b-b4ab-d8852f2015f7&amp;dy=225895410\\\">Palaute</a><br/></p>\"}]","{\"background\":\"#dff2fd\"}",0,0,0,0,0,25,"",1
44,"vaatimus_auto","Vaatimus auton virheestä","[{\"id\":\"17944d84-120f-5ef1-aebb-30013fe637f0\",\"type\":\"html\",\"style\":{},\"tag\":\"h2\",\"content\":\"<p>Mitä vaadit?<br/>Valitse yksi tai useampi vaatimus<br/></p>\",\"name\":\"otsikko\"},{\"id\":\"c5940385-9717-585b-81ae-1d021fb2e4c2\",\"type\":\"choice\",\"items\":[{\"id\":\"324f3afd-1091-5d06-831a-f69b0b54a1a9\",\"info\":{\"title\":\"Vaadin, että auto korjataan tai vaihdetaan virheettömään\",\"content\":\"<p>Autokaupassa virheen ensisijainen oikaisukeino on korjaus. Myyjällä on oikeus korjata vika, jos tämä tapahtuu kohtuullisessa ajassa, alentamatta auton arvoa ja aiheuttamatta ostajalle huomattavaa haittaa.</p><p><b>Jos takuu on voimassa</b>, takuunantajan on korjattava auto ilman kuluttajalle aiheutuvia kuluja takuun mukaisesti.</p><p><b>Jos takuuaika on umpeutunut tai takuuta ei ole ollut</b>, virheen korjauksesta ei saa yleensä aiheutua kuluttajalle kustannuksia.</p><ul><li>Myyjä voi edellyttää kuluttajan osallistuvan korjauskustannuksiin, jos auto tulee korjauksen ansiosta selkeästi parempaan kuntoon kuin vastaavat samanlaiset autot ja kuluttaja hyötyy korjauksista auton arvon noustessa.  <br/></li><li>Kuluttaja voi kieltäytyä auton arvoa parantavista maksullisista korjauksista, jolloin vrhe voidaan oikaista hinnanalennuksella. Tällaisissa tilanteissa on usein käytännöllisintä korjata auto käytetyllä mutta ehjällä varaosalla, jolla auto voidaan saattaa asianmukaiseen kuntoon.<br/></li></ul>\"},\"name\":\"korjataan_tai_vaihdetaan_virheettömaan\",\"label\":\"Vaadin, että auto korjataan tai vaihdetaan virheettömään.\",\"icon\":\"images/icon-tools.png\"},{\"id\":\"a927d49d-6139-5dec-9a21-2dae546e43dd\",\"info\":{\"title\":\"Haluan hinnanalennusta, jos korjaus tai vaihto ei onnistu\",\"content\":\"<p>Hinnanalennus voi tulla kyseeseen erimerkiksi silloin, kun auton myyjä ei käytä korjausaoikeuttaan tai virheen merkitys on kokonaisuuden kannalta vähäinen, esimerkiksi pintavika.</p><p>Hinnanalennuksen on oltava suuruudeltaan virhettä vastaava, esimerkiksi arvioidut korjauskustannukset.<br/></p>\"},\"name\":\"hinnanalennus\",\"label\":\"Vaadin hinnanalennusta, jos korjaus tai vaihto ei onnistu\",\"icon\":\"images/icon-discount.png\",\"next_slide\":\"hinnanalennus\"},{\"id\":\"33abf932-2884-536a-9570-2f88d4c79daa\",\"info\":{\"content\":\"<p>Kaupan purku on yleensä hyvityskeinona viimeinen vaihtoehto. Kaupan purku on harvoin mahdollista, jos auto on helposti ja nopeasti korjattavissa tai siinä on merkitykseltään vähäinen pintavika.</p><p>Kuluttajalle voi syntyä oikeus purkaa kauppa, jos</p><ul><li>virhe ei ole vähäinen.</li><li>virhettä ei voi hyvittää muilla keinoilla.</li><li>virhettä ei korjata kohtuullisessa ajassa. Esimerkiksi saman vian toistuvat ja tuloksettomat korjausyritykset voivat oikeuttaa kaupan purkuun. Myyjälle on yleensä annettava tilaisuus muutamaan korjausyritykseen ennen kuin ostajalla on oikeus purkaa kauppa.<br/></li></ul>\",\"title\":\"Vaadin kaupan purkamista, jos korjaus tai vaihto ei onnistu\"},\"name\":\"kaupan_purku_jos_korjaus_tai_vaihto_ei_onnistu\",\"label\":\"Vaadin kaupan purkamista, jos korjaus tai vaihto ei onnistu\",\"icon\":\"images/icon-cart.png\"}],\"style\":{\"background\":\"#fff\",\"font-size\":\"18px\"},\"name\":\"vaatimus_auto\",\"multiple\":true},{\"id\":\"37ba4831-1831-561c-887b-83ef5ebcd31a\",\"type\":\"next\",\"style\":{},\"next_slide\":\"vahingonkorvaus\"}]","{\"background\":\"#dff2fd\"}",0,0,0,0,0,26,"",0
45,"toimitaongelma_tai_viivastyminen","Onko kyseessä toimintaongelma vai toimituksen viivästyminen?","[{\"id\":\"9bf26132-cba1-526f-9a12-06712a378913\",\"type\":\"html\",\"style\":{\"color\":\"#fff\"},\"name\":\"otsikko\",\"tag\":\"h2\",\"content\":\"<p>Onko kyseessä toimintaongelma vai toimituksen viivästyminen?</p>\"},{\"id\":\"13020c3c-6edb-53b1-989f-3d5f735479cd\",\"type\":\"choice\",\"items\":[{\"id\":\"415ed4a4-14d3-5682-b03e-2a134b033ceb\",\"info\":[],\"name\":\"liityman_toimintaongelma\",\"label\":\"Liittymän toimintaongelma\",\"icon\":\"images/icon-fault.png\",\"next_slide\":\"liittyma_virhe\"},{\"id\":\"da365498-844d-5a3d-86ed-7dd2915768e0\",\"info\":[],\"label\":\"Liittymän toimituksen viivästyminen\",\"name\":\"liittyman_toimituksen_viivastyminen\",\"icon\":\"images/icon-late.png\",\"next_slide\":\"myohastuminen_toimituspaiva_liittyma\"}],\"style\":{\"background\":\"#dff2fd\",\"font-size\":\"18px\"},\"name\":\"liittyma_valinta\"}]","{\"background\":\"#58c5c7\"}",0,0,0,0,0,27,"",1
46,"liittyma_virhe","Liitymän virhe","[{\"id\":\"32ca5e36-7804-532a-bb7c-6bba905d3ac8\",\"type\":\"html\",\"style\":{\"color\":\"#2d72bb\"},\"name\":\"otsikko\",\"tag\":\"h2\",\"content\":\"<p>Mielestäni liittymässä on operaattorin vastuulle kuuluva virhe, koska</p>\"},{\"id\":\"5923b1a5-9780-5e85-9138-c0a0dd80fa49\",\"type\":\"html\",\"style\":{},\"name\":\"johdanto\",\"tag\":\"p\",\"content\":\"<p>Valitse tilanteeseen sopiva väittämä:</p>\"},{\"id\":\"720a04bb-1624-57a0-8b0a-1f297c16bfea\",\"type\":\"form\",\"items\":[{\"id\":\"46ecd0d3-ca85-50bf-a18e-ff5b1f9ca29a\",\"type\":\"checkbox\",\"notices\":[],\"info\":[],\"items\":[],\"name\":\"ei_vastaa_sovittua\",\"label\":\"Palvelu ei vastaa sovittua\"},{\"id\":\"3cfaf50d-bfb0-5a47-9349-909e5a493402\",\"type\":\"checkbox\",\"notices\":[],\"info\":[],\"items\":[],\"label\":\"Palvelu ei vastaa markkinoinnissa annettuja tietoja\",\"name\":\"ei_vastaa_markkinoinnissa_annettuja_tietoja\"}],\"style\":{},\"name\":\"syyt\"},{\"id\":\"821314cc-2bdc-53f2-8205-c609fd14bcd3\",\"type\":\"next\",\"style\":{},\"next_slide\":\"vaatimus_liittyman_virhe\"}]","{\"background\":\"#e3e4e4\"}",0,0,0,0,0,28,"",0
48,"kohde_kohde","Tietoja liittymästä","[{\"id\":\"495c3450-e417-5362-910d-76b18f243421\",\"type\":\"html\",\"style\":{\"color\":\"#2d72bb\"},\"name\":\"otsikko\",\"tag\":\"h2\",\"content\":\"<p>Tietoja valituksen kohteesta</p>\"},{\"id\":\"9908d626-ae46-524a-a906-a7488b6973ac\",\"type\":\"form\",\"items\":[{\"id\":\"5115dd27-f894-5cbb-9d53-3cb16626281f\",\"type\":\"text\",\"notices\":[],\"info\":[],\"items\":[],\"name\":\"hinta\",\"label\":\"Hinta kuukaudessa\",\"input_type\":\"text\",\"placeholder\":\"Syötä kuukausihinta\",\"required\":true},{\"id\":\"dbbe5802-1b5e-5520-905e-64c373c989a2\",\"type\":\"text\",\"notices\":[],\"info\":[],\"items\":[],\"name\":\"palvelu_otettu_kayttoon\",\"label\":\"Palvelu otettu käyttöön\",\"placeholder\":\"Syötä päivämäärä, arviokin käy\",\"input_type\":\"text\"},{\"id\":\"5e278e7e-fc94-5b7c-93e7-99a3e7e67838\",\"type\":\"text\",\"notices\":[],\"info\":[],\"items\":[],\"name\":\"havaitsemispäivä\",\"label\":\"Virheen havaitsemispäivä\",\"placeholder\":\"Syötä päivämäärä, arviokin käy\",\"input_type\":\"text\"},{\"id\":\"ee6da605-8196-5d90-838a-ed9e36f8f5ad\",\"type\":\"dropdown\",\"notices\":[],\"info\":[],\"items\":[{\"id\":\"d255942c-23f8-5a56-b0cc-9bd0156e07ba\",\"name\":\"toistaiseksi\",\"label\":\"Toistaiseksi voimassa oleva\"},{\"id\":\"5b95c082-596e-5d0e-beef-b4b10192cd08\",\"name\":\"maaraaikainen\",\"label\":\"Määräaikainen\"}],\"name\":\"sopimuksen_tyyppi\",\"label\":\"Sopimustyyppi\",\"empty\":\"- valitse sopimustyyppi -\"}],\"style\":{},\"name\":\"tuote\"},{\"id\":\"3bd92101-4d02-560f-9cbf-be91298afd5b\",\"type\":\"next\",\"style\":{},\"next_slide\":\"vaatimus_liittyman_virhe\"}]","{\"background\":\"#dff2fd\"}",0,0,0,0,0,29,"",0
49,"vaatimus_liittyman_virhe","Vaatimus liittymän virheestä","[{\"id\":\"33b5acfd-9d39-5d41-8de5-8daf7914584c\",\"type\":\"html\",\"style\":{},\"name\":\"otsikko\",\"tag\":\"h2\",\"content\":\"<p>Mitä vaadit?</p><p>Valitse yksi tai useampi vaatimus</p>\"},{\"id\":\"dbb95263-1ac9-5977-b273-299f7575e2f6\",\"type\":\"choice\",\"items\":[{\"id\":\"4fa9abde-c647-5887-ab9b-b75660bad7ac\",\"info\":[],\"label\":\"Vaadin virheen korjaamista\",\"name\":\"virheen_korjaaminen\",\"icon\":\"images/icon-tools.png\",\"next_slide\":null},{\"id\":\"8d8b0e06-5d5d-5991-b22e-dd5f4ae64fa8\",\"info\":[],\"label\":\"Vaadin hinnanalennusta / vakiohyvitystä\",\"name\":\"hinnanalennus\",\"icon\":\"images/icon-discount.png\",\"next_slide\":\"hinnanalennus_vakiohyvitys_liittyma\"},{\"id\":\"b22d188d-8674-591b-a2aa-c84bc1aed06e\",\"info\":[],\"label\":\"Vaadin sopimuksen purkamista, jos virheen korjaaminen ei onnistu\",\"name\":\"sopimuksen_purkaminen\",\"icon\":\"images/icon-cart.png\",\"next_slide\":null}],\"style\":{\"background\":\"#fff\",\"font-size\":\"18px\"},\"name\":\"vaatimus_liittyman_virhe\",\"multiple\":true},{\"id\":\"a6f7bfd6-f3b2-5e38-870b-1992eb467645\",\"type\":\"next\",\"style\":{},\"next_slide\":\"vahingonkorvaus\"}]","{\"background\":\"#dff2fd\"}",0,0,0,0,0,30,"",0
50,"hinnanalennus_liittymä","Vaatimani hinnanalennus / vakiohyvitys","[{\"id\":\"5e81f63b-ba01-549c-a1e7-acf08fa629eb\",\"type\":\"html\",\"style\":{},\"name\":\"otiskko\",\"tag\":\"h2\",\"content\":\"<p>Haluamani hinnanalennus / vakiohyvitys</p>\"},{\"id\":\"b8cbbfe9-f5f2-5439-b751-263796e188fb\",\"type\":\"form\",\"items\":[{\"id\":\"c0621f29-472f-56f5-b527-5bd595caf6ea\",\"type\":\"text\",\"notices\":[],\"info\":[],\"items\":[],\"name\":\"summa\",\"label\":\"Hinnanalennuksen / vakiohyvityksen määrä euroissa\",\"input_type\":\"text\"}],\"style\":{},\"name\":\"hinnanalennus\"},{\"id\":\"2a3f1a87-536e-58b9-bb65-9a5449d371c8\",\"type\":\"next\",\"style\":{},\"next_slide\":\"vahingonkorvaus\"}]","{\"background\":\"#dff2fd\"}",0,0,0,0,0,31,"",0
51,"hinnanalennus_vakiohyvitys_liittyma","Vakiohyvitys / hinnanalennus","[{\"id\":\"60d5cd8a-6576-5785-9a98-bf99cb8a79de\",\"type\":\"html\",\"style\":{},\"name\":\"otsikko\",\"tag\":\"h2\",\"content\":\"<p>Valitse vaaditko vakiohyvitystä vai hinnanalennusta</p>\"},{\"id\":\"fef92ca3-0bed-541d-bf83-2b70a9cb1e22\",\"type\":\"html\",\"style\":{},\"name\":\"johdanto\",\"tag\":\"p\",\"content\":\"<p>Vakiohyvitys ja hinnanalennusta vaihtoehtoisia hyitystapoja. <br/>Katso infonapista, missä tilanteessa niitä voi vaatia.<br/></p>\"},{\"id\":\"a64a4b4b-a4c9-5ab4-a06d-4b4fc20f0cc0\",\"type\":\"choice\",\"items\":[{\"id\":\"b5478cc4-1cad-5cfc-bfe3-bbe223756cfd\",\"info\":[],\"name\":\"vaadin_vakiohyvitysta\",\"label\":\"Vaadin vakiohyvitystä virheen alkamishetkestä\",\"next_slide\":\"vahingonkorvaus_liittyma_virhe\",\"icon\":\"images/icon-discount.png\"},{\"id\":\"811e03e6-d560-5ea2-932f-0785e4056ba8\",\"info\":[],\"name\":\"vaadin_hinnanalennusta\",\"label\":\"Vaadin hinnanalennusta\",\"next_slide\":\"hinnanalennus\",\"icon\":\"images/icon-discount.png\"}],\"style\":{\"background\":\"#fff\"},\"multiple\":false,\"name\":\"vaatimus_vakiohyvitys\"}]","{\"background\":\"#dff2fd\"}",0,0,0,0,0,32,"",0
52,"toimituksen_tilanne_liittyma","Liittymän toimituksen tilanne","[{\"id\":\"5164d8f9-a20a-5b5d-9560-d675023c2f4e\",\"type\":\"choice\",\"items\":[{\"id\":\"75ac1ebd-7e1c-579b-8e74-5accea609397\",\"info\":[],\"name\":\"ei_toimitettu_liittyma\",\"label\":\"Liittymää ei ole toimitettu\",\"icon\":\"images/icon-no.png\",\"next_slide\":\"vaatimus_myohastuminen_liittyma\"},{\"id\":\"1c6d701d-a2c5-5df8-b004-8f41d8e7ed74\",\"info\":[],\"name\":\"toimitettu_myohassa_liittyma\",\"label\":\"Liittymä toimitettiin myöhässä\",\"icon\":\"images/icon-yes.png\",\"next_slide\":\"vakiohyvitys_muohassa\"}],\"style\":{\"background\":\"#fff\",\"font-size\":\"18px\"},\"name\":\"tilanne_liittyma\"}]","{\"background\":\"#dff2fd\"}",0,0,0,0,0,33,"",0
53,"vaatimus_myohastuminen_liittyma","Vaatimus liittymän myöhästymisestä","[{\"id\":\"e5172f5a-b6ac-5196-9575-9185fce26af6\",\"type\":\"html\",\"style\":{},\"name\":\"otsikko\",\"tag\":\"h2\",\"content\":\"<p>Mitä vaadit?<br/><small>Valitse yksi tai useampi vaatimus</small><br/></p>\"},{\"id\":\"3d68d3b5-ca15-52ad-aa6c-fb870d621961\",\"type\":\"choice\",\"items\":[{\"id\":\"6a5bf287-611c-5bc3-87dc-e04876096c04\",\"info\":[],\"name\":\"toimitetaan_tietyn_ajan_kuluessa_liittyma\",\"label\":\"Vaadin, että liittymä toimitetaan antamani ajan kuluessa\",\"icon\":\"images/icon-late.png\",\"next_slide\":\"toimitus_annetun_ajan_kuluessa_liittyma\"},{\"id\":\"0f2e5bc5-bd37-5e41-8bca-26b5468f5629\",\"info\":[],\"name\":\"kaupan_purku_jos_ei_toimiteta_annetussa_ajassa_liittyma\",\"label\":\"Vaadin kaupan purkamista, jos liittymää ei toimiteta antamassani ajassa\",\"icon\":\"images/icon-cart.png\"},{\"id\":\"9525e4c2-dcfb-50d0-9e91-7f35b90d4ca1\",\"info\":[],\"name\":\"kaupan_purku_liittyma\",\"label\":\"Vaadin kaupan purkamista, koska toimitus on merkittävästi myöhässä\",\"icon\":\"images/icon-tools.png\"}],\"style\":{\"background\":\"#fff\",\"font-size\":\"14px\"},\"name\":\"vaatimus_liittyma_myohastuminen\",\"multiple\":true},{\"id\":\"3f6e826a-a428-5d52-80e0-5033a91e4fcc\",\"type\":\"next\",\"style\":{},\"next_slide\":\"vahingonkorvaus\"}]","{\"background\":\"#dff2fd\"}",0,0,0,0,0,34,"",0
54,"toimitus_annetun_ajan_kuluessa_liittyma","Liittymän toimituksen ajankohta","[{\"id\":\"d362a254-718c-571e-a5ed-8e90fbb6f7ed\",\"type\":\"html\",\"style\":{},\"name\":\"otsikko\",\"tag\":\"h2\",\"content\":\"<p>Liittymän toimitus<br/></p>\"},{\"id\":\"88c1c2ae-5897-5457-b984-cbf951440921\",\"type\":\"form\",\"items\":[{\"id\":\"2a4cce84-8afa-518a-984e-fdaebae50d09\",\"type\":\"text\",\"notices\":[],\"info\":[],\"items\":[],\"name\":\"toimitus_viimeistaan_liittyma\",\"label\":\"Haluan, että liittymä toimitetaan viimeistään\",\"placeholder\":\"Syötä päivämäärä\",\"input_type\":\"text\",\"required\":false}],\"style\":{},\"name\":\"toimitus_liittyma\"},{\"id\":\"73da8fb8-1815-55a1-b117-d9a5353f602f\",\"type\":\"next\",\"style\":{},\"next_slide\":\"vakiohyvitys_muohassa\"}]","{\"background\":\"#dff2fd\"}",0,0,0,0,0,35,"",0
55,"vakiohyvitys_muohassa","Hyvitysvaatimus liittymän viivästymisestä","[{\"id\":\"8dcdb560-4b82-5578-9777-f872560d6d1c\",\"type\":\"html\",\"style\":{\"background\":\"#dff2fd\"},\"name\":\"otsikko\",\"tag\":\"h2\",\"content\":\"<p>Valitse mitä hyvityksiä vaadit <br/></p>\"},{\"id\":\"4ea2c097-8263-544c-8d92-ca4ee59da003\",\"type\":\"choice\",\"items\":[{\"id\":\"3983ec1c-caf1-5f2e-add3-51f15f0254fa\",\"info\":[],\"name\":\"vakiohyvitys_liittyna_myohastuminen\",\"label\":\"Vaadin vakiohyvitystä viivästyksestä\",\"icon\":\"images/icon-late.png\"},{\"id\":\"35a494a0-579d-5d2e-9be3-b270d3a19ff9\",\"info\":[],\"name\":\"vahingonkorvaus_liittyma\",\"label\":\"Vaadin vahingonkorvausta\",\"icon\":\"images/icon-yes.png\",\"next_slide\":\"korvaukset\"}],\"style\":{\"background\":\"#fff\",\"font-size\":\"18px\"},\"name\":\"hyvitysvaatimus_liittyma\",\"multiple\":true},{\"id\":\"5e0e8f1d-0572-594f-a59a-cd3f6b9adb59\",\"type\":\"next\",\"style\":{},\"next_slide\":\"kuvaus\"}]","{\"background\":\"#dff2fd\"}",0,0,0,0,0,36,"",0
56,"myohastuminen_toimituspaiva_liittyma","Liittymän toimituspäivä","[{\"id\":\"630acf6f-f20d-5952-9248-502b6d5f66a3\",\"type\":\"html\",\"style\":{},\"name\":\"otsikko_toimituspaiva_liittyma\",\"tag\":\"h2\",\"content\":\"<p>Tietoja valituksen kohteesta<br/></p>\"},{\"id\":\"a9c1bf0e-b40b-5ba8-bd1c-94bdce2c5e65\",\"type\":\"form\",\"items\":[{\"id\":\"7525e616-1e3f-5672-a843-c90807d0ecb6\",\"type\":\"text\",\"notices\":{},\"info\":{},\"items\":[],\"name\":\"toimituspaivamaara_liityma\",\"label\":\"Sovittu toimituspäivämäärä\",\"placeholder\":\"syötä päivämäärä\",\"input_type\":\"text\"},{\"id\":\"b828da72-7c55-547e-b215-cd403dba3a5f\",\"type\":\"text\",\"notices\":{},\"info\":{},\"items\":[],\"name\":\"ostopaivamaara_liittyma\",\"label\":\"Ostopäivämäärä\",\"placeholder\":\"syötä päivämäärä\",\"input_type\":\"text\"}],\"style\":{},\"name\":\"toimituspaiva_liittyma\"},{\"id\":\"d58bf7cb-df8c-54b9-b2a6-4ff204f7a41c\",\"type\":\"next\",\"style\":{},\"next_slide\":\"toimituksen_tilanne_liittyma\"}]","{\"background\":\"#a1daf8\"}",0,0,0,0,0,37,"",0
58,"kohde_tyo","Tietoja viivästyneestä palvelusta","[{\"id\":\"8c314d85-18e9-5c32-8bb3-0aa5a7a4cee4\",\"type\":\"html\",\"style\":{\"color\":\"#2d72bb\"},\"name\":\"otsikko\",\"tag\":\"h2\",\"content\":\"<p>Tietoja valituksen kohteesta<br/></p>\"},{\"id\":\"22126a82-7153-51c0-8f8c-6a04e63fa150\",\"type\":\"form\",\"items\":[{\"id\":\"bbd8230a-04cb-5e5c-a609-e2a75987a8f7\",\"type\":\"text\",\"notices\":[],\"info\":[],\"items\":[],\"name\":\"kauppahinta\",\"placeholder\":\"Syötä kauppahinta\",\"input_type\":\"number\",\"required\":true,\"label\":\"Sovittu hinta\"},{\"id\":\"287be35f-12a6-5a5c-93b7-d8f4b2982ee7\",\"type\":\"text\",\"notices\":[],\"info\":[],\"items\":[],\"name\":\"tilauspaivamaara\",\"placeholder\":\"Syötä päivämäärä (arviokin käy\",\"label\":\"Palvelu tilattu\",\"input_type\":\"text\"},{\"id\":\"ec6b7341-82a7-52a4-9eeb-b5a35d287c29\",\"type\":\"text\",\"notices\":[],\"info\":[],\"items\":[],\"placeholder\":\"Syötä päivämäärä (arvokin käy)\",\"name\":\"valmistumisaika\",\"label\":\"Sovittu valmistumisaika\",\"input_type\":\"text\"},{\"id\":\"f70fad64-ce58-5acf-956b-5e7a85a40892\",\"type\":\"dropdown\",\"notices\":[],\"info\":[],\"items\":[{\"id\":\"55594b90-e6ab-5f76-ae15-ea9e04fef2bf\",\"name\":\"kirjallinen\",\"label\":\"Kirjallinen sopimus\"},{\"id\":\"d75d8f72-f2af-5013-adde-b5a4ed52e398\",\"name\":\"suullinen\",\"label\":\"Suullinen sopimus\"}],\"label\":\"Sopimuksen muoto\",\"name\":\"sopimusmuoto\",\"empty\":\"-- kirjallinen vai suullinen sopimus --\"},{\"id\":\"a7bb1ce7-4176-57a3-93e3-62fd981af6e3\",\"type\":\"text\",\"notices\":[],\"info\":{\"content\":\"<p><b>Jos ostos on maksettu luottokortilla</b>, kuluttaja voi vaatia luottokorttiyhtiöltä hyvitystä esimerkiksi silloin, kun tuotetta ei toimiteta aikarajojen puitteissa tai myyjää ei voi tavoittaa. <br/></p><p>Ennen valituksen tekemistä luottoyhtiölle kuluttajan on yritettävä neuvotella myyjän kanssa. Luottoyhtiö ei ole velvollinen palauttamaan enempää kuin tuotteesta on luottoyhtiölle maksettu.</p><p><b>Jos maksoit maksukortin debit-ominaisuudella</b>, voit vaatia maksettujen ostosten osalta hyvitystä korttiyhtiöltä, jos yhtiö on korttiehdoissaan tai muutoin tähän sitoutunut.<br/></p><p></p>\",\"title\":\"Jos maksoit luottokortilla, voit ongelmatilanteessa kääntyä korttiyhtiön puoleen\"},\"items\":[],\"name\":\"maksutapa\",\"label\":\"Maksutapa\",\"placeholder\":\"esim. käteinen, pankkikortti, luottokortti...\",\"input_type\":\"text\"}],\"style\":{},\"name\":\"tuote_tuo\"},{\"id\":\"9c216866-11ea-5f4c-b3ad-2bf42c9ccc92\",\"type\":\"next\",\"style\":{},\"next_slide\":\"toimituksen_tilanne_tyo\"}]","{\"background\":\"#e3e4e4\"}",0,0,0,0,0,39,"",0
59,"toimituksen_tilanne_tyo","Työn tilanne","[{\"id\":\"d78e32da-ca2e-540e-aa2d-3736e5170d67\",\"type\":\"choice\",\"items\":[{\"id\":\"92c84a33-c498-5674-9ff1-193dac421d26\",\"info\":[],\"name\":\"ei_toimitettu\",\"label\":\"Työ on kesken\",\"icon\":\"images/icon-no.png\",\"next_slide\":\"virheet_tyo\"},{\"id\":\"8c040f56-bdbc-5843-9d36-1b212132e7e4\",\"info\":[],\"name\":\"toimitettu_myohassa\",\"label\":\"Työ valmistui myöhässä\",\"icon\":\"images/icon-yes.png\",\"next_slide\":\"korvaukset\"}],\"style\":{\"background\":\"#fff\",\"font-size\":\"18px\"},\"name\":\"tilanne\"}]","{\"background\":\"#dff2fd\"}",0,0,0,0,0,40,"",0
60,"virheet_tyo","Keskeneräisen työn tilanne","[{\"id\":\"f5b839e6-6b86-51e3-87f3-ab2bcc2027f4\",\"type\":\"html\",\"style\":{\"color\":\"#2d72bb\"},\"name\":\"otsikko\",\"tag\":\"h2\",\"content\":\"<p>Miten kuvailisit keskeneräisen työn tilannetta?<br/></p>\"},{\"id\":\"21745978-ff72-5d24-9050-85940ee8ebe9\",\"type\":\"html\",\"style\":{},\"name\":\"johdanto\",\"tag\":\"p\",\"content\":\"<p>Valitse tilanteeseen sopiva väittämä:<br/></p>\"},{\"id\":\"64ded91f-ec47-5410-b351-441839d535fa\",\"type\":\"form\",\"items\":[{\"id\":\"8155b92b-f3ee-5c86-9917-7dda1d4336ea\",\"type\":\"checkbox\",\"notices\":[],\"info\":[],\"items\":[],\"name\":\"tuota_ei_ole_aloitettu\",\"label\":\"Työtä ei ole aloitettu\"},{\"id\":\"7c09916f-0a16-518c-b641-5753a484ce89\",\"type\":\"checkbox\",\"notices\":[],\"info\":[],\"items\":[],\"label\":\"Työ ei valmistu sovittuna aikana\",\"name\":\"tyo_ei_valmistu_sovittuna_aikana\"},{\"id\":\"7f5ab495-f321-5d56-a656-69530912db28\",\"type\":\"checkbox\",\"notices\":[],\"info\":[],\"items\":[],\"label\":\"Työ on myöhästynyt sovitusta valmistumisajasta\",\"name\":\"tyo_on_myohastunut_sovitusta_valmistumisajasta\"}],\"style\":{},\"name\":\"virheet_tyo\"},{\"id\":\"c422a4a6-d973-5730-aeac-19b938304481\",\"type\":\"next\",\"style\":{},\"next_slide\":\"vaatimus_myohastuminen_tyo\"}]","{\"background\":\"#e3e4e4\"}",0,0,0,0,0,41,"",0
61,"vaatimus_myohastuminen_tyo","Vaatimus työn viivästymisestä","[{\"id\":\"2ec6aa9b-6eae-5e8d-974a-d0dccac01e40\",\"type\":\"html\",\"style\":{},\"name\":\"otsikko\",\"tag\":\"h2\",\"content\":\"<p>Mitä vaadit?<br/><br/></p>\"},{\"id\":\"a62ab336-2a8d-5058-91a4-d57f8c14d2bd\",\"type\":\"choice\",\"items\":[{\"id\":\"6e512897-8bf9-5ed8-987f-5c7cf57d1231\",\"info\":[],\"label\":\"Vaadin, että työ tehdään loppuun antamani ajan kuluessa\",\"icon\":\"images/icon-late.png\",\"name\":\"tyo_tehdaan_loppuun\",\"next_slide\":\"toimitus_annetun_ajan_kuluessa_tyo\"},{\"id\":\"11858062-3d4b-534c-ba04-89e9789547fc\",\"info\":[],\"label\":\"Vaadin kaupan purkamista tekemättä jääneen työn osalta\",\"name\":\"purkamista_tekematta_jääneen_tyon_osalta\",\"icon\":\"images/icon-tools.png\",\"next_slide\":null},{\"id\":\"8aafd2d5-b137-5bfd-b12a-450154aa2ab3\",\"info\":[],\"label\":\"Vaadin kaupan purkamista kokonaisuudessaan\",\"icon\":\"images/icon-cart.png\",\"name\":\"kaupan_purkamista_kokonaisuudessaan\"}],\"style\":{\"background\":\"#fff\",\"font-size\":\"18px\"},\"name\":\"vaatimus\",\"multiple\":true},{\"id\":\"b3f149d2-a173-5527-8b1c-6e8c6d119e95\",\"type\":\"next\",\"style\":{},\"next_slide\":\"vahingonkorvaus_tyo\"}]","{\"background\":\"#dff2fd\"}",0,0,0,0,0,42,"",0
62,"toimitus_annetun_ajan_kuluessa_tyo","Työn valmistumisen ajankohta","[{\"id\":\"49a5eb81-497d-5e46-ab1d-83e46fb3c291\",\"type\":\"html\",\"style\":{},\"name\":\"otsikko\",\"tag\":\"h2\",\"content\":\"<p>Työn valmistuminen<br/></p>\"},{\"id\":\"49e35eaf-b80a-5440-be26-0e8a19317631\",\"type\":\"form\",\"items\":[{\"id\":\"9f44240b-e2ad-5293-8aa0-f1f622ad16e6\",\"type\":\"text\",\"notices\":[],\"info\":[],\"items\":[],\"name\":\"valmistuminen_viimeistaan\",\"label\":\"Haluan, että työ valmistuu viimeistään\",\"placeholder\":\"Syötä päivämäärä\",\"input_type\":\"text\",\"required\":true}],\"style\":{},\"name\":\"valmistuminen\"},{\"id\":\"cdf2ca2d-8976-5eab-b94b-94af989db435\",\"type\":\"next\",\"style\":{},\"next_slide\":\"vahingonkorvaus_tyo\"}]","{\"background\":\"#dff2fd\"}",0,0,0,0,0,43,"",0
63,"vahingonkorvaus_tyo","Vahingonkorvaus viivästyneestä työstä","[{\"id\":\"731843c2-e56e-5c54-88e3-13192e42d4ff\",\"type\":\"html\",\"style\":{},\"name\":\"otsikko\",\"tag\":\"h2\",\"content\":\"<p>Vaaditko vahingonkorvausta viivästyksen aiheuttamista kustannuksista?<br/></p>\"},{\"id\":\"c0d5b489-d8f7-5a5f-bb88-5af6754bfad5\",\"type\":\"choice\",\"items\":[{\"id\":\"97f3fb8f-88d3-5d89-a42a-d7bca43ab969\",\"info\":{\"content\":\"<p>Vahingonkorvausta voi vaatia asian selvittämisestä aiheutuneista välittömistä menoista, kuten matkakulut. Erityistapauksissa korvausta voi vaatia myös yrityksen huolimattomuuden aiheuttamista välillisistä vahingoista, kuten tulonmenetyksestä tai käyttöhyödyn menetyksestä aiheutuneista kustannuksista.</p><p>Jos vakiokorvauksesta mainitaan kauppaa koskevissa sopimusehdoissa, voit sopimusehdoissa mainituissa tilanteissa vaatia yritystä maksamaan sovitun vakiokorvauksen. Jos palvelun virheestä kuluttajalle aiheutuneet kulut ylittävät sopimusehdoissa sovitun vakiokorvauksen, voit vaatia korvausta todellisten kulujen mukaan.</p><p>Kustannuksista pitää olla kuitti tai muu luotettava selvitys. Pahasta mielestä, henkisestä kärsimyksestä tai vapaa-ajan menetyksestä ei saa vahingonkorvausta.<br/></p>\",\"title\":\"Vahingonkorvausta voi vaatia viivästyksen aiheuttamista kustannuksista\"},\"name\":\"vaadin\",\"label\":\"Vaadin\",\"icon\":\"images/icon-yes.png\",\"next_slide\":\"korvaukset\"},{\"id\":\"8a8c9a31-b2b0-559b-a67a-7b60b4aee80e\",\"info\":[],\"name\":\"en_vaadi\",\"label\":\"En vaadi\",\"icon\":\"images/icon-no.png\",\"next_slide\":\"kuvaus\"}],\"style\":{\"background\":\"#fff\"},\"name\":\"vaadin_vahingonkorvausta\"}]","{\"background\":\"#dff2fd\"}",0,0,0,0,0,44,"",1
64,"virheet_palvelu","Palvelun virheet","[{\"id\":\"fec1db7b-11ad-5480-aacc-137b1afe21c0\",\"type\":\"html\",\"style\":{\"color\":\"#2d72bb\"},\"name\":\"otsikko\",\"tag\":\"h2\",\"content\":\"<p>Mielestäni palvelussa on myyjän<br/>vastuulle kuuluva virhe, koska<br/></p>\"},{\"id\":\"898a1e5b-a164-5489-8477-85715ec63782\",\"type\":\"html\",\"style\":{},\"name\":\"johdanto\",\"tag\":\"p\",\"content\":\"<p>Valitse yksi tai useampi tilanteeseen sopiva väittämä:<br/></p>\"},{\"id\":\"10339f5a-2bea-596b-b3a2-f3f7e7f41a32\",\"type\":\"form\",\"items\":[{\"id\":\"95dc3bf6-5391-5406-94a4-5fe9d9471a55\",\"type\":\"checkbox\",\"notices\":[],\"info\":[],\"items\":[],\"label\":\"Palvelua ei suoritettu ammattitaitoisesti ja huolellisesti\",\"name\":\"Palvelua_ei _suoritettu_ammattitaitoisesti_ ja_huolellisesti\"},{\"id\":\"01fb27fa-862f-592a-bd6d-703107a2d8fa\",\"type\":\"checkbox\",\"notices\":[],\"info\":[],\"items\":[],\"label\":\"Palvelu ei vastaa sitä mitä luvattiin\",\"name\":\"palvelu_ei_vastaa_sitä_mitä_luvattiin\"},{\"id\":\"fa166366-6531-576e-bd75-1c1ac704c6f7\",\"type\":\"checkbox\",\"notices\":[],\"info\":[],\"items\":[],\"label\":\"Palvelun lopputulos ei vastaa perusteltuja odotuksia\",\"name\":\"palvelun_lopputulos_ei_vastaa_perusteltuja_odotuksia\"},{\"id\":\"61ca2df7-439a-5854-9217-84bc0c1f1908\",\"type\":\"checkbox\",\"notices\":[],\"info\":[],\"items\":[],\"label\":\"Työn  järkevästä teettämistavasta on jätetty kertomatta\",\"name\":\"tyon _jarkevasta_teettamistavasta_on_jätetty_kertomatta\"},{\"id\":\"af93fef7-4582-5079-b4de-59b248a22bb0\",\"type\":\"checkbox\",\"notices\":[],\"info\":[],\"items\":[],\"label\":\"Palvelu ei vastaa lain, asetuksen tai viranomaisten asettamia vaatimuksia\",\"name\":\"palvelu_ei_vastaa_lain_asetuksen_viranomaisten_asettamia_vaatimuksia\"},{\"id\":\"fb162357-c317-5631-85c1-d8526b863402\",\"type\":\"checkbox\",\"notices\":[],\"info\":[],\"items\":[],\"label\":\"Sovittu hinta on ylittynyt\",\"name\":\"sovittu_hinta_on_ylittynyt\"}],\"style\":{},\"name\":\"virheet\"},{\"id\":\"e19c424f-b39e-5b28-9354-368a07eb7eb5\",\"type\":\"next\",\"style\":{},\"next_slide\":\"kohde_palvelu\"}]","{\"background\":\"#e3e4e4\"}",0,0,0,0,0,44,"",0
65,"kohde_palvelu","Tietoja palvelusta","[{\"id\":\"2300fcd0-29b1-57f1-9625-c7aa339a432a\",\"type\":\"html\",\"style\":{\"color\":\"#2d72bb\"},\"name\":\"otsikko\",\"tag\":\"h2\",\"content\":\"<p>Tietoja valituksen kohteesta<br/></p>\"},{\"id\":\"d47b3dd0-6825-5ac4-97cc-4b5d6d5491dc\",\"type\":\"form\",\"items\":[{\"id\":\"58df9980-7974-5970-8455-0b5d51dd4178\",\"type\":\"text\",\"notices\":[],\"info\":[],\"items\":[],\"name\":\"hinta\",\"label\":\"Palvelun hinta\",\"input_type\":\"text\",\"required\":true},{\"id\":\"a3f767cc-79da-5a47-a37c-07273e8023b2\",\"type\":\"text\",\"notices\":[],\"info\":[],\"items\":[],\"name\":\"ostopaivamaara\",\"placeholder\":\"Syötä päivämäärä, arviokin käy\",\"input_type\":\"text\",\"label\":\"Palvelu tilattu\"},{\"id\":\"5ba9ebd4-ce25-5efa-8411-c5f6d4a667a4\",\"type\":\"text\",\"notices\":[],\"info\":[],\"items\":[],\"name\":\"valmistumisajankohta\",\"label\":\"Palvelun sovittu valmistumisajankohta\",\"placeholder\":\"Syötä päivämäärä, arviokin käy\",\"input_type\":\"text\"},{\"id\":\"77f71be8-d196-54ee-9c33-e12643ff5ebd\",\"type\":\"dropdown\",\"notices\":[],\"info\":[],\"items\":[{\"id\":\"42d7e79d-c876-509c-a1ea-eff910110d1e\",\"name\":\"voimassa\",\"label\":\"Takuu voimassa\"},{\"id\":\"a9acdb93-e325-54f3-9cb8-2fd2b756e03d\",\"name\":\"ei_voimassa\",\"label\":\"Takuu ei ole voimassa\"},{\"id\":\"0bc1efff-378d-5736-b1d0-b6c8f15805a9\",\"name\":\"ei_takuuta\",\"label\":\"Takuuta ei ollut\"}],\"name\":\"takuu_voimassaolo\",\"label\":\"Palvelun takuu\",\"empty\":\"-- Valitse takuu --\"},{\"id\":\"9ee1861d-ef41-5319-bd77-8515d6976792\",\"type\":\"text\",\"notices\":[],\"info\":[],\"items\":[],\"name\":\"virhe_havaittu\",\"label\":\"Virhe havaittu\",\"placeholder\":\"Syötä päivämäärä\",\"input_type\":\"text\"},{\"id\":\"36bb321d-330c-5f60-bb34-de57d651c1b4\",\"type\":\"dropdown\",\"notices\":[],\"info\":[],\"items\":[{\"id\":\"833242de-e8f8-5ea8-9478-d657bca2349e\",\"name\":\"kirjallinen\",\"label\":\"Kirjallinen sopimus\"},{\"id\":\"d541db43-1dc9-553f-97f2-5d1b3531b583\",\"name\":\"suullinen\",\"label\":\"Suullinen sopimus\"}],\"name\":\"sopimusmuoto\",\"label\":\"Sopimuksen muoto\",\"empty\":\"-- kirjallinen vai suullinen sopimus --\"},{\"id\":\"0ad6da9a-12c5-545b-be34-f5c77171e159\",\"type\":\"text\",\"notices\":[],\"info\":[],\"items\":[],\"name\":\"maksutapa\",\"label\":\"Maksutapa\",\"placeholder\":\"esim. käteinen, pankkikortti, luottokortti...\",\"input_type\":\"text\"}],\"style\":{},\"name\":\"tuote\"},{\"id\":\"f0f54eb4-5c3d-57f3-812b-44f6d2cbb790\",\"type\":\"next\",\"style\":{},\"next_slide\":\"vaatimus_virhe_palvelu\"}]","{\"background\":\"#e3e4e4\"}",0,0,0,0,0,45,"",0
66,"vaatimus_virhe_palvelu","Vaatimus palvelun virheestä","[{\"id\":\"5436579b-c7a2-5ba0-b0a6-6da3b3b7285a\",\"type\":\"html\",\"style\":{},\"name\":\"otsikko\",\"tag\":\"h2\",\"content\":\"<p>Mitä vaadit?<br/><small>Valitse yksi tai useampi vaatimus</small><br/></p>\"},{\"id\":\"379ed130-7965-5a5c-96ad-84e1f6fc8275\",\"type\":\"choice\",\"items\":[{\"id\":\"a1104802-efbe-5474-a581-eb8d717175a3\",\"info\":[],\"icon\":\"images/icon-tools.png\",\"name\":\"vaadin_virheen_korjaamista\",\"label\":\"Vaadin virheen korjaamista\"},{\"id\":\"bf22f875-54ba-5189-b46b-aeb1422e1e0e\",\"info\":[],\"label\":\"Vaadin hinnanalennusta, jos virheen korjaus ei onnistu\",\"name\":\"Vaadin_hinnanalennusta\",\"icon\":\"images/icon-discount.png\",\"next_slide\":\"hinnanalennus_palvelu\"},{\"id\":\"75bf76e8-733c-59c0-98f4-90652cd13dd0\",\"info\":[],\"label\":\"Vaadin kaupan purkamista, jos korjaus ei onnistu\",\"name\":\"vaadin_kaupan_purkamista\",\"icon\":\"images/icon-cart.png\"}],\"style\":{\"background\":\"#fff\",\"font-size\":\"18px\"},\"name\":\"vaatimus\",\"multiple\":true},{\"id\":\"745c7e93-bfd4-558e-aa6e-f3e0aaa6a668\",\"type\":\"next\",\"style\":{},\"next_slide\":\"vahingonkorvaus_palvelu\"}]","{\"background\":\"#dff2fd\"}",0,0,0,0,0,46,"",0
67,"hinnanalennus_palvelu","Palvelun hinnanalennus","[{\"id\":\"7ba442f8-1c9e-580a-bee3-0c543d410921\",\"type\":\"html\",\"style\":{},\"name\":\"otsikko\",\"tag\":\"h2\",\"content\":\"<p>Haluamani hinnanalennus<br/></p>\"},{\"id\":\"f5ed84b5-2fea-5c50-b9e0-37dc6a720036\",\"type\":\"form\",\"items\":[{\"id\":\"2d72c97f-8871-5881-9fbd-77b289d00bc0\",\"type\":\"text\",\"notices\":[],\"info\":[],\"items\":[],\"name\":\"hinnanalennus\",\"label\":\"Hinnanalennuksen määrä euroissa\",\"placeholder\":\"Syötä summa euroissa\",\"input_type\":\"text\",\"required\":true}],\"style\":{},\"name\":\"hinnnanalennus\"},{\"id\":\"6f1ede98-99b5-5cdf-8010-fcc383ab54a7\",\"type\":\"next\",\"style\":{},\"next_slide\":\"vahingonkorvaus_palvelu\"}]","{\"background\":\"#dff2fd\"}",0,0,0,0,0,47,"",0
68,"vahingonkorvaus_palvelu","Vahingonkorvaus palvelun virheestä","[{\"id\":\"97b35fc6-9a7e-587d-bb0b-439def313bb0\",\"type\":\"html\",\"style\":{},\"name\":\"otsikko\",\"tag\":\"h2\",\"content\":\"<p>Vaaditko vahingonkorvausta virheen aiheuttamista kustannuksista?<br/></p>\"},{\"id\":\"aa7a1fb4-48ba-5310-a5dc-2904c205358a\",\"type\":\"choice\",\"items\":[{\"id\":\"038c0cdc-d898-5f8d-85b4-b37be7d35163\",\"info\":[],\"name\":\"vaadin\",\"label\":\"Vaadin\",\"icon\":\"images/icon-yes.png\",\"next_slide\":\"korvaukset\"},{\"id\":\"f727326e-1762-55cf-842b-b0b47c58a2f3\",\"info\":[],\"name\":\"en_vaadi\",\"label\":\"En vaadi\",\"icon\":\"images/icon-no.png\",\"next_slide\":\"kuvaus\"}],\"style\":{},\"name\":\"vaadin_vahingonkorvausta\"}]","{\"background\":\"#dff2fd\"}",0,0,0,0,0,48,"",1
69,"ohjesivu","Ohjesivu","[{\"id\":\"263a1792-101d-5f53-b9fe-14791ad6061b\",\"type\":\"html\",\"style\":{\"color\":\"#000\",\"font-size\":\"18px\"},\"name\":\"ohjesivu\",\"tag\":\"p\",\"content\":\"<p style=\\\"text-align: left;\\\"><b>Ja vielä muutama juttu reklamaatioon johtavasta polusta:</b></p><ul><li><p style=\\\"text-align: left;\\\"><b>Eteneminen: </b>Nettineuvoja kysyy aluksi ohjatusti asiat, jotka helpottavat asian selvittämisessä. <br/>Oma kuvauksesi asiasta sekä yhteystietosi kysytään polun lopussa.</p></li><li><p style=\\\"text-align: left;\\\"><b>Infonappia</b> ( <i class=\\\"fa fa-info\\\"></i> ) painamalla saat asiakohtaisesti tietoa oikeuksistasi.</p></li><li><p style=\\\"text-align: left;\\\"><b>Syöttämäsi</b> tiedot tallentuvat välimuistiin, joten avaa aina uusi selain, kun teet uuden reklamaation.<br/></p></li></ul><p style=\\\"text-align: left;\\\"><a target=\\\"_blank\\\" href=\\\"http://www.kkv.fi/globalassets/tietosuojaselosteet/KKV-tietosuojaseloste-kuti-ja-nettineuvoja-2015.pdf\\\">Tietosuojaseloste</a></p><p style=\\\"text-align: left;\\\">Jatka painamalla laatikon alareunan ”<b>ETEENPÄIN</b>”-nappia.<br/></p>\"},{\"id\":\"2272017f-d3c2-5353-8dd6-2dda6f79a8c3\",\"type\":\"next\",\"style\":{},\"next_slide\":\"myyja\",\"label\":\"Eteenpäin\"}]","{\"background\":\"#a1daf8\"}",0,0,0,0,0,49,"",1
70,"vahingonkorvaus_liittyma_virhe","Vahingonkorvaus liittymän virheestä","[{\"id\":\"69c245a5-8f6f-5373-8302-73e6a6b6de7c\",\"type\":\"html\",\"style\":{},\"name\":\"otsikko\",\"tag\":\"h2\",\"content\":\"<p>Vaaditko vahingonkorvausta liittymän virheestä aiheutuneista kustannuksista?<br/></p>\"},{\"id\":\"2f6ca165-6944-59b9-9bbb-b8479ed8a486\",\"type\":\"choice\",\"items\":[{\"id\":\"a96ecefd-da41-5ec2-8f07-f05581a68895\",\"info\":{\"content\":\"<p>Voit lisäksi vaatia vahingonkorvausta virheestä aiheutuneiden todellisten kulujen mukaan. Kustannuksista  pitää olla kuitti tai muu luotettava selvitys. <br/></p><ul><li>Korvausta voi vaatia asian selvittämisestä aiheutuneista välittömistä menoista, kuten matkakulut.</li><li>Erityistapauksissa korvausta voi vaatia myös yrityksen huolimattomuuden aiheuttamista välillisistä vahingoista, kuten tulonmenetyksestä tai muista toimimattomuden aiheuttamista kustannuksista.</li></ul><p><br/>Pahasta mielestä,  henkisestä kärsimyksestä tai vapaa-ajan menetyksestä ei saa vahingonkorvausta</p>\",\"title\":\"Vaadin vahingonkorvausta\"},\"name\":\"vaadin\",\"label\":\"Vaadin\",\"icon\":\"images/icon-yes.png\",\"next_slide\":\"korvaukset\"},{\"id\":\"13abf62c-476e-5d89-89a9-b04efb07b4f3\",\"info\":[],\"name\":\"en_vaadi\",\"label\":\"En vaadi\",\"icon\":\"images/icon-no.png\",\"next_slide\":\"kuvaus\"}],\"style\":{\"background\":\"#fff\"},\"name\":\"vaadin_vahingonkorvausta\"}]","{\"background\":\"#dff2fd\"}",0,0,0,0,0,50,"",1
